signal_id,sample_code,scs_label,Ash_Content,Area under FFT curve_raw,Magnitude of dominant frequency_raw,Spectral Bandwidth 1_raw,Spectral Bandwidth 2_raw,Spectral Bandwidth 3_raw,Spectral Area 1,Spectral Area 2,Spectral Area 3,Spectral Area 4,Spectral Entropy 1,Spectral Entropy 2,Spectral Entropy 3,Spectral Entropy 4,Absorption Proxy_proc,Peak Time_proc,Rise time_proc,Fall time_proc,Signal Energy_proc,Area under the curve_proc,1st peak magnitude/2nd peak magnitude
Low_C3_P1_05,C3,Low,,0.00028853030386232344,2.2443145943654312e-05,0.04099493861257869,0.05350420528248837,0.049214730541585074,1.72048710642484e-06,1.3774548631657076e-06,2.1887344550757676e-06,2.7163988597106252e-06,0.5953645475366807,0.8020706327001329,0.9322798854450721,0.9531435946792578,0.00407854543655573,2.68e-06,5.5526120195996e-07,1.45724204444399e-06,3.4750960193886255e-06,9.175497718783465e-10,1.0200331761301353
Low_C3_P1_10,C3,Low,,0.00028738832975626675,1.9504721331635395e-05,0.04443998768791171,0.05733950841906776,0.04914574801744988,1.3850853298887859e-06,1.2790883688542576e-06,2.1199868584285673e-06,2.8939299265062558e-06,0.6263518372221837,0.7336987015741437,0.9161168746586867,0.9473128204245936,0.00402478965330208,2.72e-06,5.877593604723484e-07,1.5508518060598032e-06,3.4533418368456254e-06,9.174414942085231e-10,1.3148886184365376
Low_C3_P2_05,C3,Low,,0.00028044837872786036,2.050379288404994e-05,0.05039674218129099,0.053406405982320326,0.05419358587063888,2.042157997220075e-06,1.4566071829008108e-06,1.6439419796547725e-06,1.2181356299782017e-06,0.841325451297685,0.919514169345874,0.7787620531062528,0.7484456187215396,0.00407353713376812,3.02e-06,3.4343487265643893e-07,2.544238283519902e-06,2.946854467714455e-06,8.169275087850132e-10,1.0459209441011794
Low_C3_P2_10,C3,Low,,0.00028225268763620956,2.6496272774892926e-05,0.05037081403192182,0.04940225628843675,0.0475339397866002,2.2169569290138194e-06,1.4066581720400785e-06,1.499762775831753e-06,1.202053680357421e-06,0.7204247187710644,0.8776561849346755,0.6479640782429582,0.7205686435971975,0.00408088264452328,3.1e-06,3.606969546779228e-07,2.534648031540247e-06,3.038960180343499e-06,8.265020217656649e-10,1.2403471966048654
Low_C3_P3_05,C3,Low,,0.0002871628896487832,1.908624372909722e-05,0.04574982615444578,0.06068839031196019,0.05872031503264225,1.6070051699023296e-06,8.689073203351393e-07,1.430833969718461e-06,2.3779004276126573e-06,0.7743238902905668,0.8868375538756217,0.8431511935876707,0.8739100360725958,0.00403447237202478,2.9e-06,4.70148369630306e-07,1.813683325791505e-06,2.920748309011151e-06,8.520900559529645e-10,1.32776096281686
Low_C3_P3_10,C3,Low,,0.00028498463245536424,1.8736883503135362e-05,0.0464236733654294,0.05771684264053855,0.05993345112961468,1.7072408992449877e-06,9.043597905574203e-07,1.274892240348569e-06,2.3155907731349736e-06,0.8029166908235398,0.9593741860380239,0.7477549056774886,0.8720697060656113,0.00403213516405723,2.88e-06,4.489244549794611e-07,1.8882518215761266e-06,2.5222633570576308e-06,7.49643966797227e-10,1.1818616351180165
Low_C3_P4_05,C3,Low,,0.00029109141637262496,2.4578144347635886e-05,0.05034078041102625,0.05225813892367983,0.03966706079804194,1.2664650758466784e-06,1.2331393803535255e-06,1.6585764337607758e-06,3.3231595085619486e-06,0.9372684701935375,0.9433291075299886,0.687571646631939,0.9209374895627461,0.00416134937597751,2.82e-06,5.629067049862427e-07,2.8449571279795494e-06,2.9034395018635455e-06,6.580908757062332e-10,1.4418075075514594
Low_C3_P4_10,C3,Low,,0.00028926958866290454,2.3085878093679684e-05,0.05352660321824943,0.052260695223787894,0.04162840019726956,1.0580612469866726e-06,1.0638687168447175e-06,1.73856113791944e-06,3.3340450413487497e-06,0.8633664458997671,0.9516086969495249,0.6955176297526694,0.9420572173695041,0.00406886271783302,2.76e-06,5.074521137297312e-07,1.7573067314243009e-06,2.95582076342769e-06,6.437665168301959e-10,1.443844071402393
Low_C3_P5_05,C3,Low,,0.0002871863112201822,2.2471799896171952e-05,0.05176492631083323,0.06324168422492943,0.05011308004099399,1.3301704416251808e-06,1.1016048270499913e-06,2.8025799987464954e-06,2.4486050350390604e-06,0.6612673508396311,0.7406855838491345,0.9419051192326058,0.8433130877507535,0.00414498892020465,2.72e-06,5.416464267567863e-07,4.306689167448109e-06,4.701999523430269e-06,1.009261039613582e-09,1.4158715416127219
Low_C3_P5_10,C3,Low,,0.0002875567420510612,2.233038671457593e-05,0.055486579613953445,0.062161742215094525,0.04815411297636669,1.3236471252858347e-06,1.0826000144705417e-06,2.9155001424813715e-06,2.2852769202950513e-06,0.7103843368984601,0.7960217767552176,0.9231157380485483,0.8249571126511377,0.00420842742218102,2.74e-06,5.631767932896022e-07,2.1277987397841013e-06,4.402729521384691e-06,9.494697714845907e-10,1.476532767685488
Low_C3_P6_05,C3,Low,,0.000284339702217234,2.3305376821459752e-05,0.043137325690678005,0.04997409300783456,0.05578280049051074,1.0245614297754738e-06,1.607043735408181e-06,1.4612128571310487e-06,3.0141763254183515e-06,0.8315161342132199,0.8980805136183548,0.6150510952745438,0.9021644102272445,0.00409991419511619,2.52e-06,3.5750682175102265e-07,1.3947469115576556e-06,2.424415629160881e-06,6.395672590610719e-10,1.4727919346216214
Low_C3_P6_10,C3,Low,,0.0002875040267036009,2.26041295389706e-05,0.052650729203605265,0.050737129347432464,0.050173353410965627,9.066380041877211e-07,1.5207394678891451e-06,1.2898898058781846e-06,2.9970676344178733e-06,0.9713500242371746,0.9242018199041674,0.5345356715438908,0.9085957870226726,0.00412128295367665,2.44e-06,2.856971612216997e-07,2.0902753220537906e-06,2.2710540021502805e-06,6.383383926213235e-10,1.3905890312704121
Low_C4_P1_05,C4,Low,27.94,0.0002632443075674973,1.5779966675534622e-05,0.048627217322037265,0.05543658475777694,0.04877806505454587,1.2698148755946232e-06,1.5255940768015163e-06,1.242884329520313e-06,1.980211514856675e-06,0.6685814637893379,0.9904342425548314,0.8023754546288401,0.8668616853473005,0.0044865551703195,3.26e-06,4.3881065751356237e-07,6.076163962843012e-07,1.824919930468081e-06,6.470241126042361e-10,1.5305053553472958
Low_C4_P1_10,C4,Low,27.94,0.0002599853182305478,1.6529292331645196e-05,0.05027324085927205,0.05586894015710703,0.049942691035013545,1.513313673985512e-06,1.4299149982691511e-06,1.1107039266092683e-06,1.9709063926640403e-06,0.7953662161238718,0.9348507239061563,0.8446455211974578,0.8736422893265278,0.00441844225240803,3.26e-06,4.2576490610792405e-07,5.137317697158477e-07,1.887113407902538e-06,6.782474692656937e-10,1.059836590587901
Low_C4_P2_05,C4,Low,27.94,0.000259700529044478,1.6178202581286036e-05,0.0513615724010864,0.052773256089520174,0.049197051086346984,1.12155615819348e-06,1.2370448189366329e-06,1.0763587211265224e-06,2.116075930239794e-06,0.8663116922604862,0.9652462435632331,0.7305807889855576,0.8695810363796274,0.00427921143491254,3.6e-06,5.073392196811067e-07,1.2364958540931896e-06,2.1759210274529656e-06,6.848541221388851e-10,1.0714181978145678
Low_C4_P2_10,C4,Low,27.94,0.0002622343033555672,1.5693074416851157e-05,0.050397893664951225,0.05397929013632733,0.04460118777638511,1.3763958623677481e-06,1.095761167570123e-06,9.817657252120923e-07,2.2013604642828835e-06,0.8195943448516195,0.8692006697809714,0.5912873636497511,0.8801433602045765,0.00434598880541398,3.64e-06,5.553507223762537e-07,4.2510967305249585e-06,2.5671017512916564e-06,8.093445312412583e-10,1.101162093409088
Low_C4_P3_05,C4,Low,27.94,0.000261181186923427,1.812228855399361e-05,0.03885631798519438,0.050611231848602486,0.04452358866755676,1.4192349462062722e-06,1.5760170571875602e-06,1.1879315514173578e-06,2.0504194498132224e-06,0.6383342283119181,0.9569126859653144,0.6882372517564742,0.9550877143038389,0.00438204858548475,3.36e-06,4.5084335991759486e-07,5.532739808090091e-07,2.2848047363735466e-06,7.984076836029432e-10,1.4015066159339113
Low_C4_P3_10,C4,Low,27.94,0.0002587117489712333,1.563398690431195e-05,0.04677635650183632,0.05391789140024895,0.04557905537634309,1.4795148068841115e-06,1.2792755942993746e-06,1.1070328361888028e-06,2.096954555158285e-06,0.7710419825793339,0.9836100923354467,0.6704286568238768,0.9534122395384457,0.00434632269226648,3.38e-06,5.759844669787612e-07,4.785656706385774e-07,1.639883228307887e-06,6.2469437027376e-10,1.7230467352832797
Low_C4_P4_05,C4,Low,27.94,0.00026472685318538444,1.866104751746902e-05,0.056240250925129145,0.05261616677806168,0.05379502131193119,1.3244698107206295e-06,1.8340186723825532e-06,1.1707738808490512e-06,1.5746719528418667e-06,0.9585718525903146,0.8707997684519937,0.8505787934138116,0.827575104977846,0.00448121298067938,4.02e-06,4.958251101843527e-07,6.783996699960969e-07,1.6197217147330993e-06,5.389682587008019e-10,1.2716667387753395
Low_C4_P4_10,C4,Low,27.94,0.0002637826291540424,1.7139235384218776e-05,0.05845064246694333,0.05332632058168793,0.05412476541414952,1.281116606299925e-06,1.751682050801032e-06,1.1924268517694787e-06,1.3789419028249857e-06,0.9095353045034268,0.8513056138942918,0.8282068438307314,0.759420904493852,0.00445516980618383,3.86e-06,5.035035876259047e-07,1.0325140704046576e-06,1.9349577878032625e-06,6.569603865644046e-10,1.0121186086322922
Low_C4_P5_05,C4,Low,27.94,0.00026266871307799604,2.028911591831185e-05,0.05261305683913254,0.04557649063340239,0.047928093127587015,1.0621121857897225e-06,1.2042289041014941e-06,2.0235940434844555e-06,2.2082632916217104e-06,0.623092774325588,0.8677886013491463,0.8255901489505919,0.8856000414977759,0.0043793774906647,3.46e-06,4.689152224835883e-07,2.2656628964690867e-06,2.4224955578094153e-06,8.358882104730382e-10,1.6636279170220705
Low_C4_P5_10,C4,Low,27.94,0.0002637318465912818,2.1748331252818235e-05,0.050497531716721,0.045559233748857654,0.047412846546512545,1.1836358932593198e-06,1.0922585745157895e-06,2.079983662445033e-06,2.19168900794804e-06,0.6547042804951617,0.8767893548592423,0.7973920825168734,0.9203364277831169,0.00436769145082693,3.46e-06,5.072842560701566e-07,4.788255058998815e-07,2.782642734023343e-06,8.649857494873021e-10,1.6064044849873562
Low_C13_P1_05,C13,Low,15.59,0.00027934990617206834,2.841997948255856e-05,0.05576927328565569,0.0452753181221376,0.058387043571032485,2.4183434724955045e-06,2.55299031756941e-06,1.1767229506235057e-06,1.2249589509127342e-06,0.7321636941021682,0.7657478335097169,0.7377677603251013,0.9287618948380953,0.00482545032561429,7.7e-06,1.3427799820461554e-06,4.050684254948411e-06,4.153735828807632e-06,1.0835918083645216e-09,1.438450514968198
Low_C13_P1_10,C13,Low,15.59,0.0002823522771823206,2.9030378680482074e-05,0.05447630213214688,0.04504286264991031,0.05342412226449902,2.268227104424749e-06,2.411323674703754e-06,1.276384704704422e-06,1.0452131585798517e-06,0.6766313806727501,0.7104851391453256,0.7338762083051137,0.9462665905404118,0.004927285815629,7.32e-06,8.731539544168749e-07,9.130381838721641e-07,3.921465328518285e-06,1.0122670574121307e-09,1.4817753220760432
Low_C13_P2_05,C13,Low,15.59,0.00027708404973989073,3.7658777509975366e-05,0.04923388940997886,0.05424022168081433,0.05290547867492794,3.2502455676197e-06,3.63643403647025e-06,1.943489386611485e-06,2.0009512062480267e-06,0.7604770331868117,0.919913445984182,0.991393166859081,0.9771289091776784,0.00493162634471157,8.58e-06,1.3083737272060646e-06,3.091301078344447e-06,2.8869726964903056e-06,7.99556113539305e-10,1.9639883598202887
Low_C13_P2_10,C13,Low,15.59,0.0002795238011055186,3.602583080154417e-05,0.04734473101430682,0.054099699780636466,0.052958240003595766,3.3358362982952626e-06,3.544076170684975e-06,2.1473490977040596e-06,1.7475267796612929e-06,0.8137493037171678,0.8826410065853945,0.9921050791086655,0.9575725145065255,0.00498438046740772,8.48e-06,1.6152681060738212e-06,3.112929508276126e-06,3.137397467037488e-06,8.903040004996454e-10,1.3658184840075618
Low_C13_P3_05,C13,Low,15.59,0.00028559055019840063,5.264749773238788e-05,0.05840428730922569,0.05057579394072238,0.048378977444325746,3.7350016551590258e-06,4.465491786969704e-06,1.9086148174566364e-06,1.1323761439545082e-06,0.7276774467809839,0.8985922396905113,0.7348003264831562,0.947667019821747,0.0049974020546555,7.46e-06,1.4213037745015381e-06,3.60668076828284e-06,6.8145073899122386e-06,1.1973935873229263e-09,2.6057134875530803
Low_C13_P3_10,C13,Low,15.59,0.00028349727521957387,5.1941124961492444e-05,0.058933407152467254,0.050435753775200036,0.04903121454454687,3.6366477695934482e-06,4.456960986095875e-06,1.7325349391079308e-06,1.053994722437936e-06,0.7205147946896954,0.8722316907060259,0.7915015601147405,0.9382124278289217,0.00498137548573515,7.5e-06,1.1581467438810784e-06,3.3480802228581746e-06,6.92671270330201e-06,1.243618714680506e-09,1.8456275327426472
Low_C13_P4_05,C13,Low,15.59,0.0002795798515303677,3.584578598180509e-05,0.05689001445881086,0.047781635833652254,0.05397571401407199,2.933164619539905e-06,3.337299639088416e-06,2.401112695616084e-06,1.8592980315387592e-06,0.7977360519032788,0.7491973171342214,0.9075095553981646,0.9792521359970319,0.00500074092318057,7.54e-06,9.175075476381856e-07,2.8224082661250792e-06,3.0505114210771313e-06,8.141412817135263e-10,1.4829144327119765
Low_C13_P4_10,C13,Low,15.59,0.0002797392575786866,3.558526513505244e-05,0.05759345064892963,0.04795163621755772,0.05455801449607869,2.742543511496586e-06,3.4779082822772487e-06,2.36061990474514e-06,1.7245535104227741e-06,0.7898521803009254,0.7792142018714086,0.912342768982749,0.9623383349472253,0.00494197683713931,7.7e-06,1.0194538217909012e-06,3.082024133720215e-06,2.9141165662223084e-06,7.303621133649313e-10,1.2689772365249885
Low_C13_P5_05,C13,Low,15.59,0.00028093575539220685,3.079701235422818e-05,0.060042595677127455,0.04735357735453002,0.057352041953952944,2.7750749456933235e-06,3.0329034495441377e-06,1.061783302179839e-06,1.3105699483374169e-06,0.9010783033017008,0.8525057787698944,0.7396070840205032,0.8929856143404836,0.00499840371521302,7.86e-06,1.2924670148505472e-06,3.6326350108437044e-06,3.0238611852418894e-06,8.365616050243262e-10,1.1505131024398185
Low_C13_P5_10,C13,Low,15.59,0.00027944884700568245,2.9031740952239838e-05,0.059034702613301036,0.04640580418613257,0.05529839075220115,2.6248034756286135e-06,2.7953871243753858e-06,9.738186401026246e-07,1.1767610653484003e-06,0.8826380468145434,0.8541941900903557,0.7429037352807373,0.905284551981808,0.00490124264113343,7.96e-06,9.720339255889847e-07,3.0837607447045297e-06,2.8699422976794664e-06,7.863564494678873e-10,1.055670872827289
Low_C14_P1_05,C14,Low,13.09,0.00023732041615592866,3.634792218967425e-05,0.06029368336162599,0.04684235585954958,0.05726832293110068,3.6282681317901676e-06,3.443565349082495e-06,1.8946640753507147e-06,2.0749209545267323e-06,0.8929262487761125,0.7750993706172343,0.7719795046349486,0.9497454141185085,0.0039887298732313,7.7e-06,1.1992554225773063e-06,2.416285887897291e-06,4.075303586345166e-06,9.458132725581135e-10,1.0269917874745775
Low_C14_P1_10,C14,Low,13.09,0.00024101648935499653,3.338464221933909e-05,0.05991801685899921,0.04848368264005809,0.05911763361830409,3.680005083188077e-06,3.2466650690114053e-06,1.7799511264676889e-06,2.0361628035957576e-06,0.8977224827661779,0.834955466519487,0.7690265712848363,0.9388840627029448,0.00406151720707787,7.62e-06,1.312303333821197e-06,2.7383426221674876e-06,4.597433763371833e-06,1.078106140035176e-09,1.1022673398616791
Low_C14_P2_05,C14,Low,13.09,0.00024323928165522824,4.0077305123735336e-05,0.06652900779101616,0.053111272420434674,0.05209059824611827,2.777228779002518e-06,2.341148148973082e-06,1.848160531509969e-06,2.4266990233459625e-06,0.704777499453579,0.7663904651672916,0.8338525668430922,0.9685239897697506,0.00409958030826369,7.22e-06,9.120212056231982e-07,1.6996857337025544e-06,2.755746948919869e-06,8.055579815859977e-10,1.3670536082904394
Low_C14_P2_10,C14,Low,13.09,0.0002413679214136053,3.915793260075436e-05,0.06472129467608528,0.05352119103828711,0.05279656338942662,2.9615982827765302e-06,2.5236780441764645e-06,1.4513965413921443e-06,2.392676351060276e-06,0.731255563837426,0.8263780583194273,0.7660180716217739,0.9625646515380295,0.00406518996245544,7.54e-06,8.993889074660688e-07,1.1480864840909524e-06,2.9606698179064218e-06,8.211025448296842e-10,1.313761319878687
Low_C14_P3_05,C14,Low,13.09,0.00024273052712307623,3.993185538288164e-05,0.06089051070531884,0.04358978970864932,0.056943265705599336,3.5509348967241625e-06,2.3764714071001534e-06,1.5308916823004235e-06,2.2956562244258063e-06,0.8504988578009051,0.6170401010221265,0.8314325958293026,0.9445025810096712,0.00414131616482708,7.84e-06,1.0256468928684208e-06,1.3607877241500965e-06,3.048205078097772e-06,8.591105328327077e-10,1.3443611865076746
Low_C14_P3_10,C14,Low,13.09,0.0002418608833196884,3.806767075263811e-05,0.060734110370053385,0.04186405470470788,0.05593730424021681,3.6081831401387112e-06,2.140009386869097e-06,1.5133221391400166e-06,2.1176923191819476e-06,0.8570895972201256,0.5382617082259445,0.7946267181526668,0.955183590517944,0.00410458861105129,7.7e-06,2.0094008413454105e-06,2.6748361550750363e-06,2.9945417533521946e-06,8.294260806445882e-10,1.2655870632557846
Low_C14_P4_05,C14,Low,13.09,0.00024090299746635016,3.83194596445463e-05,0.05895147368895762,0.05167862956342861,0.058912189902340456,3.432796943434427e-06,4.0876939446572695e-06,1.3851672514702174e-06,2.0936048268348942e-06,0.8649663804536336,0.8759127354003937,0.6971248427581513,0.9419443891799091,0.00406385441504542,8.26e-06,1.917363445206793e-06,2.826502447251185e-06,4.312529975772482e-06,9.706427053111231e-10,1.3583115641079093
Low_C14_P4_10,C14,Low,13.09,0.0002425506184062132,3.84365271478996e-05,0.05770507781243244,0.04970724927949361,0.053761046103042096,3.4653020033799255e-06,3.959232799308917e-06,1.5868239840009677e-06,2.153061500153535e-06,0.8617548047642626,0.8376463533697469,0.7096542638723367,0.9707667553637261,0.00409357034491855,8.02e-06,1.0612811663495103e-06,2.5450048510950677e-06,4.093705038092667e-06,9.068218297288683e-10,1.8662711112229653
Low_C14_P5_05,C14,Low,13.09,0.00023975260164957427,3.629778370751121e-05,0.05920283236692436,0.05206724559361223,0.05266228755828763,3.5502650506319787e-06,2.5321172928696812e-06,1.6831604713885286e-06,1.8692845990393843e-06,0.9156063602018751,0.8279293929693273,0.9059274240424922,0.9659828714228327,0.00408088264452328,7.32e-06,1.391271799186795e-06,1.0827762962342627e-06,2.933658286559396e-06,8.849372791377138e-10,1.3653137231980206
Low_C14_P5_10,C14,Low,13.09,0.00024296846373517177,3.644483105431995e-05,0.05883687321804307,0.05238327228290995,0.053931632792904825,3.6006120956023067e-06,2.4879368651690057e-06,1.7532351696120448e-06,1.7516314594130253e-06,0.9185400106263388,0.7739098987779729,0.9269061263777892,0.9642490330695591,0.00414766001502471,7.18e-06,1.3098373790263985e-06,1.0548260207508045e-06,2.8045817505076403e-06,8.246411469255212e-10,1.4452279297083954
Low_C14_P6_05,C14,Low,13.09,0.00023162372456048103,3.51898276160895e-05,0.05792252936506422,0.04998101166933924,0.0537230123032604,3.2834835094811878e-06,3.1148124350982424e-06,1.6194292410674242e-06,2.0977596861604455e-06,0.8369041627306093,0.7520334197223932,0.9532130057147097,0.9689399338413899,0.00402779463497464,8.14e-06,1.7995593766859346e-06,3.234244506130891e-06,2.977393519205749e-06,7.72957174569562e-10,1.027713314432866
Low_C14_P6_10,C14,Low,13.09,0.00023589804864671953,3.789554439904352e-05,0.057580703015252956,0.04810783602347175,0.055412657367656035,3.5391436953448194e-06,3.2385387083964116e-06,1.7823750480537313e-06,2.15499297608391e-06,0.8409542760279818,0.7283699280081783,0.9162909463410311,0.9653123647122069,0.00412629125646426,8.18e-06,1.1254966220306807e-06,3.000429725123463e-06,3.232460769693861e-06,7.811363849552509e-10,1.135831555108264
Low_C14_P7_05,C14,Low,13.09,0.00024037501303755793,3.1787723860575815e-05,0.0612823178007921,0.050283364809339835,0.05464744812935691,3.166340716754756e-06,3.378966856806132e-06,2.216006832219148e-06,1.9039125845706234e-06,0.8634155401093049,0.9029951048581601,0.9024473975078794,0.9854497597135549,0.00409223479750853,7.7e-06,2.574832434746529e-06,2.730126674655502e-06,2.519660136047411e-06,8.148579005159159e-10,1.0378038574615738
Low_C14_P7_10,C14,Low,13.09,0.00024025110773067995,3.112782509438252e-05,0.06087029669546442,0.04913267390447552,0.053987057815308874,3.0519811631856206e-06,3.1933912988850344e-06,2.156037108464765e-06,1.6973997204117534e-06,0.8651600905064124,0.8800251107188435,0.916750233899599,0.9768571072510768,0.004184053681948,7.7e-06,1.0306826311254163e-06,2.877671123897649e-06,2.000112802131551e-06,7.336638649379325e-10,1.1416227544284752
Moderate_C6_P1_01,C6,Moderate,23.81,0.00026610453896621776,4.599537283771767e-05,0.041945033910416936,0.05150923543380758,0.05757665231364724,3.1567687639747624e-06,4.978085628161515e-06,1.8004368323599002e-06,1.2249304490353883e-06,0.7598873902333868,0.9164981907571494,0.9002657338694567,0.8739548610909199,0.00437269975361455,3.94e-06,9.330473080882268e-07,4.658666681896922e-06,6.088868319916314e-06,1.0355399420479655e-09,1.8731621019629638
Moderate_C6_P1_02,C6,Moderate,23.81,0.000266192945763126,4.2953254723025286e-05,0.04347531859965384,0.05215551999207429,0.05961919717835414,3.50351139218006e-06,4.771898980545398e-06,1.5786267774372556e-06,1.3254874265418721e-06,0.7509301897470704,0.9240468604657124,0.8687554612469888,0.8787734972918864,0.00435533763728418,3.88e-06,8.670511292788769e-07,4.765706339533557e-06,5.786884072293491e-06,1.0359212999953373e-09,2.0002085779166814
Moderate_C6_P1_03,C6,Moderate,23.81,0.0002642206957175014,4.496200225789613e-05,0.03758990481969963,0.052539379426194424,0.05823508156511688,3.0721679235973075e-06,4.645683636261344e-06,1.6965601930975654e-06,1.3175808439665495e-06,0.6729054375646273,0.8976994935225235,0.9428395604759461,0.8726471158523266,0.00433931106836383,3.88e-06,9.411106116071264e-07,4.896900761902527e-06,5.375445087873176e-06,1.026325977513773e-09,2.1268995084740325
Moderate_C6_P1_04,C6,Moderate,23.81,0.0002653083110498032,4.056217663150386e-05,0.04077227914669689,0.05075119694398728,0.05956419137842676,3.086706485794699e-06,4.503847728512536e-06,1.7039299394816873e-06,1.2923269632854024e-06,0.7284643995219113,0.9027653777000617,0.8692720329818948,0.89062441896752,0.00429290079586533,3.96e-06,1.0200429743435487e-06,3.861362340809616e-06,5.28203918004967e-06,9.624827318050786e-10,1.7569143656260138
Moderate_C6_P1_05,C6,Moderate,23.81,0.000265250090077564,4.192070620844706e-05,0.046179932102559426,0.05160511356210087,0.059247243618010835,3.3874864118960542e-06,4.737268821766562e-06,1.6373171773072247e-06,1.3481836792597368e-06,0.8367510346914545,0.916685814017183,0.9132938864466816,0.8825008375631597,0.00438705688827237,3.8e-06,1.1057677835611083e-06,4.835936956736218e-06,5.768973297139842e-06,1.0627988314416905e-09,1.510404160794493
Moderate_C6_P1_06,C6,Moderate,23.81,0.0002669519580899894,4.10037890165335e-05,0.04249043898345646,0.052984932126533546,0.05813521369810117,3.1822792096488563e-06,4.642269227756549e-06,1.3884965731779304e-06,1.3683849978501238e-06,0.7908663000833566,0.93528692199823,0.8837593753114502,0.8306600080940927,0.00439707349384758,3.96e-06,1.048676081694383e-06,3.918842988053213e-06,5.262827106154646e-06,9.889903599947001e-10,2.1442337393567383
Moderate_C6_P1_07,C6,Moderate,23.81,0.00026645219260300145,4.3345985583140815e-05,0.040482500543851344,0.05212297898242218,0.057652522934096395,3.17631678022657e-06,4.585817730331224e-06,1.625351513742721e-06,1.3810390003049147e-06,0.7409365805133864,0.9121764541052076,0.9301893010867905,0.8829239134019874,0.00441310006276793,3.88e-06,9.43180522865616e-07,4.599252319961155e-06,5.250384173529652e-06,1.0179719687468462e-09,2.142172391399344
Moderate_C6_P1_08,C6,Moderate,23.81,0.00026509171135591337,4.171400558076071e-05,0.043897409214723127,0.052232798646688165,0.060047663663182566,3.1952305496234113e-06,4.5068313530173205e-06,1.4510692741248193e-06,1.3174121068935719e-06,0.7744815042143693,0.9108673302565466,0.8061374169973996,0.8450597806857671,0.00435901039266176,4.04e-06,1.015002481383487e-06,3.8109319576321517e-06,5.30895158778755e-06,1.0194675213908572e-09,1.9620004582832167
Moderate_C6_P1_09,C6,Moderate,23.81,0.00026570170136983674,4.2777603428429085e-05,0.04198659976025632,0.05151508485627054,0.060152683406056846,3.0894227993368013e-06,4.527580223401432e-06,1.6309049860043322e-06,1.4158909557901257e-06,0.7293094299286396,0.8963419916348566,0.878093883974023,0.8605771069744707,0.00442845885798325,3.88e-06,8.759322312805573e-07,3.7505822911852516e-06,5.375596743747899e-06,9.79723714123269e-10,1.530390996236423
Moderate_C6_P1_10,C6,Moderate,23.81,0.00026771569950116947,4.310616950482732e-05,0.040101828038935666,0.05184867904750694,0.05923408214352247,3.031952514235706e-06,4.625609094911484e-06,1.550973513464821e-06,1.3618738708220608e-06,0.7565282966880961,0.8915402003161798,0.8458637101162257,0.8568056831599818,0.00438772466197737,3.88e-06,1.073750348446757e-06,3.500207951762144e-06,5.255663723483289e-06,9.691620598054544e-10,1.6692524405749432
Moderate_C6_P2_01,C6,Moderate,23.81,0.000267206736666035,2.0754509733083276e-05,0.04323109862642495,0.048193942662979564,0.04909323260052215,8.837469509140046e-07,1.388159926898406e-06,2.394177429453258e-06,1.983741646624532e-06,0.8006123798757355,0.8492437923809214,0.9009330812993065,0.7533597491865487,0.00452762325317789,4.2e-06,5.826159845826474e-07,2.6243883597689742e-06,2.550381111965666e-06,6.374130793227755e-10,1.204726636518761
Moderate_C6_P2_02,C6,Moderate,23.81,0.0002698067740256882,2.2322108783406285e-05,0.04933039290520021,0.04998167912329222,0.0495286257829004,1.0981330266378097e-06,1.5250535829116423e-06,2.418925912453031e-06,1.9572731229858917e-06,0.741413010120061,0.8376606805679571,0.8829785986951615,0.7753046455189458,0.00447754022530181,4.26e-06,4.939327748886194e-07,2.613799479640775e-06,2.681516447738062e-06,7.0438262488656e-10,1.460914767930974
Moderate_C6_P2_03,C6,Moderate,23.81,0.00026717497503173364,2.290503713497011e-05,0.04156535241965463,0.04807199521364755,0.04933507527642454,9.951149874583552e-07,1.262823311047974e-06,2.4928950194530107e-06,1.9615267013226848e-06,0.6179839835619098,0.7681992903175427,0.8703116061513827,0.7640561010723019,0.00451193057111005,4.18e-06,6.028858368353639e-07,2.618504737712349e-06,2.684710567427123e-06,7.043532793010301e-10,1.4268814265065157
Moderate_C6_P2_04,C6,Moderate,23.81,0.0002661549964227564,2.188812238364495e-05,0.05922852952632032,0.04840039623686578,0.048209651792958906,8.544689201874391e-07,1.2542679770468909e-06,2.411926822200979e-06,1.9748864189643377e-06,0.5349488574946198,0.7489797174537581,0.8618119376828266,0.7765267163733407,0.00446151365638147,4.18e-06,5.202016649797891e-07,2.687286069802512e-06,2.745683041363939e-06,7.266690092512307e-10,1.378507973773446
Moderate_C6_P2_05,C6,Moderate,23.81,0.0002663253149917551,2.2378933831597344e-05,0.046876714074162176,0.04708510286469897,0.0475126603939689,9.445082770545067e-07,1.1256521199030889e-06,2.4704106952698414e-06,2.033548081025351e-06,0.7723082053500377,0.7978686981402742,0.8735553316889949,0.7748568715501444,0.00443547048188591,4.2e-06,5.556518034802624e-07,2.3008952092171836e-06,2.4151872656431268e-06,6.429268547839662e-10,1.415040553866213
Moderate_C6_P2_06,C6,Moderate,23.81,0.0002658444707712821,2.1019803552746098e-05,0.04516346420544936,0.04611480230773324,0.05098321876775691,8.755536670916668e-07,1.2150319717557218e-06,2.3137805520802567e-06,2.0765855471681754e-06,0.6937242374808748,0.8138905163612052,0.8970374938558989,0.7650053820588457,0.00446051199582394,4.18e-06,4.7033037430107557e-07,2.4554298763374416e-06,2.2226103895620995e-06,6.190115344669012e-10,1.2211841670218728
Moderate_C6_P2_07,C6,Moderate,23.81,0.0002681861691036781,2.297574706099302e-05,0.04818768916552055,0.05092843114631213,0.05009804101098823,8.94898250801899e-07,1.3268919507241867e-06,2.4831668268317723e-06,1.9237461345895952e-06,0.7671846634212157,0.8722767500827093,0.8885016573742961,0.7793030677289932,0.00454632091691829,4.18e-06,6.175638994251252e-07,2.5540416007953357e-06,2.644336298230093e-06,7.107382569105247e-10,1.4323816435404044
Moderate_C6_P2_08,C6,Moderate,23.81,0.00027165731664475915,2.0925332764987183e-05,0.05344426151650416,0.04724960710662015,0.0515201463239299,7.69234794130924e-07,1.378570541187478e-06,2.458123493321033e-06,1.9350132611315445e-06,0.6988698727380647,0.7787031469690627,0.9265319859956347,0.7960472882133898,0.00451693887389766,4.26e-06,7.596897676900065e-07,5.262460353785196e-06,2.626018319924521e-06,6.87266100370186e-10,1.3560859729469155
Moderate_C6_P2_09,C6,Moderate,23.81,0.00026963759677275717,2.4434619341708402e-05,0.04463953778899315,0.04528963222150128,0.04653272203848862,1.0369770997050925e-06,1.360025405705324e-06,2.5065355966881275e-06,1.8920909769721896e-06,0.734370863843981,0.831306088627624,0.8302159421473121,0.7918425706952583,0.0045700268834463,4.18e-06,6.181451823278965e-07,2.422234613083629e-06,2.4019550505604015e-06,6.649567307528797e-10,1.3880773038731298
Moderate_C6_P2_10,C6,Moderate,23.81,0.0002678175233200377,2.1562892953528836e-05,0.049278307020208426,0.051192349107570125,0.049152969879074755,9.346967135153166e-07,1.210778620155219e-06,2.429894729246611e-06,2.005588987654152e-06,0.8011721458473045,0.8402008252030508,0.8820924453696537,0.7826734163325693,0.00452294883724279,4.18e-06,5.162942491779864e-07,2.505111193268907e-06,2.3959733990799504e-06,6.389956992425879e-10,1.350713889969962
Moderate_C6_P3_01,C6,Moderate,23.81,0.00026868348423338763,2.1394435878704643e-05,0.052704396530217135,0.05172525085055255,0.040391579046116975,1.3558576931824189e-06,1.2399148181541195e-06,1.1457090388645626e-06,2.8669272561820877e-06,0.6513702964858258,0.9641849174599562,0.6616683954995711,0.8092217904118305,0.00456301525954365,3.54e-06,6.258081116565322e-07,1.6254037925395116e-06,1.716818275425751e-06,6.164792891677198e-10,1.020898851599799
Moderate_C6_P3_02,C6,Moderate,23.81,0.0002661238134269096,2.04920610410913e-05,0.04976786364310999,0.05210674026265065,0.039984476897897574,1.5483652992736989e-06,1.0560652378278239e-06,1.1338432523654158e-06,2.799474767936472e-06,0.8012406880384183,0.8784115508413284,0.6450870167667749,0.8176298903992195,0.00446919305398912,3.56e-06,5.921599398782822e-07,1.6037826704239135e-06,1.7283628559905617e-06,5.644939851424926e-10,1.050312649054039
Moderate_C6_P3_03,C6,Moderate,23.81,0.0002670329116705322,2.1310575961235147e-05,0.0505277830557343,0.05380233870177119,0.04021017918551613,1.399826900626147e-06,1.1402377518484839e-06,1.2631111676499487e-06,2.8482842429490836e-06,0.612021199851258,0.9095911741157483,0.6199080180598281,0.82040189445434,0.00453062823485045,3.54e-06,6.342639488017778e-07,1.6296620085611946e-06,1.8138613278600113e-06,6.04311535446484e-10,1.134161838582085
Moderate_C6_P3_04,C6,Moderate,23.81,0.00026911901928429634,2.232792349037851e-05,0.046630357995868024,0.04916656382898808,0.04450403433398105,1.5608563417808497e-06,1.3990275903030406e-06,1.306186826377927e-06,2.7988406995771163e-06,0.6170385054142656,0.9352568817894658,0.7273510219764375,0.8067907931528504,0.00457737239420145,3.54e-06,5.525929011160969e-07,1.4811397859276932e-06,1.92486523145647e-06,6.007987704825195e-10,1.083894577190633
Moderate_C6_P3_05,C6,Moderate,23.81,0.00027340243338094003,2.252749867962821e-05,0.054543861003712675,0.05255375026924474,0.04421376156608762,1.6340162825209574e-06,1.3507934307181829e-06,1.1895942921910695e-06,2.918471663385166e-06,0.689764439505778,0.932808376714542,0.6036322842942498,0.8005074060792043,0.00465550191768814,3.54e-06,6.223929192886714e-07,6.738759983544227e-06,1.7965876084396258e-06,6.339745396082338e-10,1.0619268919239049
Moderate_C6_P3_06,C6,Moderate,23.81,0.00027494547516637084,2.1624491230480523e-05,0.05414083940964161,0.0540486695063856,0.04090295944539578,1.3423700496075695e-06,1.2359508247815112e-06,1.2602713444777501e-06,2.9571608561478574e-06,0.7851700707323062,0.9338478976839825,0.6896662093166359,0.8301180609450626,0.00468755505552882,3.54e-06,5.291649793729521e-07,1.6018747358738574e-06,1.8760257967854853e-06,5.895391326989431e-10,1.095609431747467
Moderate_C6_P3_07,C6,Moderate,23.81,0.00027099740673628157,2.1088037156308495e-05,0.05001445551867143,0.05575256512747752,0.04408356666058617,1.7417937914308942e-06,1.0336728814198665e-06,1.1897218854776579e-06,2.8422259085158173e-06,0.8377720745097649,0.8391319278291363,0.6753801987177748,0.8070618780799013,0.00463747202765274,3.54e-06,6.318018881422813e-07,1.6841921803942277e-06,1.7134402693682925e-06,5.59889642976033e-10,1.1867557181116573
Moderate_C6_P3_08,C6,Moderate,23.81,0.0002710933502929287,2.209140344814607e-05,0.052667594286414626,0.0520858835629448,0.03442744443685205,1.6217309202737032e-06,1.0422946085109515e-06,1.1772484330758352e-06,2.902805176718157e-06,0.7573444575620099,0.8671878022344222,0.6642246223980685,0.8233528886078232,0.00463446704598018,3.54e-06,6.322803942351708e-07,1.6680599289380823e-06,1.68061194203671e-06,5.747700131560587e-10,1.2297379335602712
Moderate_C6_P3_09,C6,Moderate,23.81,0.00026987969984097174,2.1966551305441968e-05,0.051154512795570296,0.05207508968752985,0.03983683267090252,1.4417177947030887e-06,1.246647047366832e-06,1.180512256007976e-06,2.9098772494916516e-06,0.657898904549673,0.9327101071175377,0.6649333301828294,0.8424629314788343,0.00460208002128699,3.46e-06,4.925011885297577e-07,6.578742655459731e-06,1.9209826087373434e-06,6.095063724075773e-10,1.068401909661177
Moderate_C6_P3_10,C6,Moderate,23.81,0.00027045582357532904,2.0815514818304665e-05,0.046813811347224406,0.05274948167589543,0.042567241282083466,1.177325499287337e-06,1.0460228004635423e-06,1.147254115947097e-06,2.7224609180452664e-06,0.5640689631002543,0.8441759909680083,0.6731884049623851,0.7843269933660786,0.00460675443722209,3.62e-06,5.834788618904987e-07,6.727997762770407e-06,1.7578459142420511e-06,5.807530845440688e-10,1.1663446090453653
Moderate_C6_P4_01,C6,Moderate,23.81,0.00027096711822719474,2.465180262688584e-05,0.045391052082255974,0.055436698789917395,0.05757425359105294,1.427036023591407e-06,1.328272323201273e-06,1.858594412650018e-06,1.9939641757482812e-06,0.7637938671055515,0.8835547525428736,0.7760372112933841,0.842422958271687,0.00458505179180912,3.7e-06,6.606040466890801e-07,2.488315108597469e-06,2.3332260822855724e-06,6.404766273411706e-10,1.8965497356552878
Moderate_C6_P4_05,C6,Moderate,23.81,0.0002682369778647136,2.4442925257787455e-05,0.048176117711932226,0.05226905170823192,0.05935142985907921,1.5010823525732046e-06,1.2112316148249136e-06,1.8455626650309372e-06,2.0143222982753583e-06,0.854676194971923,0.8172681744146564,0.7815284052650718,0.8472819019661313,0.00456602024121621,3.7e-06,5.565699259082107e-07,2.433941342342065e-06,2.0134098042313663e-06,5.844282629050274e-10,1.5349932143031224
Moderate_C6_P4_10,C6,Moderate,23.81,0.00027144200553303496,2.4871224194801876e-05,0.04974716031176149,0.056238741168562124,0.05791803502114938,1.3007691546705623e-06,1.31845631907293e-06,1.856764587795666e-06,1.882484964728775e-06,0.8332237861625571,0.865257200281087,0.7622553469124145,0.8681846279122086,0.00463146206430762,3.7e-06,8.944527161468946e-07,2.551078504214716e-06,2.2228250262384818e-06,6.720951601786545e-10,1.2741627210898592
Moderate_C6_P5_01,C6,Moderate,23.81,0.0002712694415761813,2.3986664757590696e-05,0.04406961478566035,0.04128723323615933,0.04450823090769401,1.3088358654252292e-06,1.4009129220788648e-06,1.3499580137075866e-06,2.8097025281588736e-06,0.4864099001164205,0.7872491261346641,0.7634746615926317,0.7935353209053382,0.00461409994797725,3.38e-06,5.131749821721316e-07,4.1554973524295075e-06,2.563933573192311e-06,7.39595088628241e-10,1.2160326972244029
Moderate_C6_P5_02,C6,Moderate,23.81,0.00027370574505361717,2.30789674416432e-05,0.04627270686687566,0.04542690267664853,0.044235243415857495,1.5510003166067578e-06,1.4131359053692246e-06,1.3989131928184446e-06,2.921084544740908e-06,0.679231917228304,0.8707366555271375,0.7535670490955794,0.7948048816685733,0.00464982584119551,3.34e-06,4.4612613258604323e-07,1.555166857858276e-06,2.159791662849909e-06,6.702677192936374e-10,1.130772750503344
Moderate_C6_P5_03,C6,Moderate,23.81,0.0002705933326339292,2.2025591820958712e-05,0.04977496746120612,0.04333417336765584,0.04561996879780206,1.3399452079087504e-06,1.4459972989749268e-06,1.2449102845926664e-06,2.6295384862818807e-06,0.653973700083301,0.8286732849531955,0.7561138453702543,0.7913780155448356,0.004602747794992,3.38e-06,4.986135610843748e-07,5.957070249070916e-06,2.384692051570887e-06,6.990256471653829e-10,1.3974587820060036
Moderate_C6_P5_04,C6,Moderate,23.81,0.0002721288475044752,2.2048636432778294e-05,0.043778981897068414,0.051588343756635575,0.03762954295737769,1.5402024216301583e-06,1.381057304889818e-06,1.3202899235785856e-06,2.6667289381043116e-06,0.604531024264804,0.9337900654550068,0.6858300087325224,0.7880473689331788,0.00464114478303033,3.34e-06,3.9517933587685374e-07,1.4331998354644972e-06,2.3237938070463253e-06,6.995588562630953e-10,1.173943663341821
Moderate_C6_P5_05,C6,Moderate,23.81,0.0002687494929784791,2.0970269328978157e-05,0.050434702287493305,0.04627347872855227,0.04429972315204574,1.3872504005432894e-06,1.4678853799312921e-06,1.3498123553513306e-06,2.730612896001346e-06,0.6211975277559544,0.8680987917557239,0.7527961288693378,0.8208815415861067,0.00457069465715131,3.38e-06,4.379172347438577e-07,5.921566395956959e-06,2.3836385285058527e-06,7.190287481202943e-10,1.531573011162537
Moderate_C6_P5_09,C6,Moderate,23.81,0.00027484815596977085,2.1580059225854266e-05,0.04379147229180797,0.044657742515268696,0.03595945483697248,1.573395879259408e-06,1.3070329261510943e-06,1.314305249022005e-06,2.6947714352411785e-06,0.7127518200930425,0.7962085005330433,0.6819498783696187,0.8070702184282359,0.00465917467306572,3.38e-06,4.3400956456427976e-07,5.859139221841747e-06,2.4445925757588802e-06,7.086857606430664e-10,1.4912690943954343
Moderate_C6_P5_10,C6,Moderate,23.81,0.00027254307788617893,2.4367233368526698e-05,0.040299938640814485,0.04539479393327337,0.036702595214163865,1.2520453371877259e-06,1.4543066770409595e-06,1.3130139833906397e-06,2.978947511618353e-06,0.5781177882461647,0.8389515171196008,0.7049878978710469,0.8109445435162222,0.00465116138860554,3.42e-06,5.404081420701534e-07,2.870119486569034e-06,2.4946541515478146e-06,7.027954900934697e-10,1.1462502122800506
Moderate_C7_P1_05,C7,Moderate,64.0,0.0002633109001750466,1.9249328382971814e-05,0.052820057126684285,0.06222288195088799,0.05911512070020921,1.6397779403445925e-06,8.595428004169689e-07,1.1457196293086265e-06,2.0656035572002295e-06,0.87038936715546,0.8386115253732471,0.7510665009435386,0.7684769559965121,0.00393230299515759,3.7e-06,4.448303754894221e-07,2.0568312060088213e-06,2.9620960804811848e-06,8.231684569067127e-10,1.2267628608415904
Moderate_C7_P1_10,C7,Moderate,64.0,0.0002649213160373573,2.02815220970863e-05,0.05566491052965568,0.0624355873088504,0.05984116380786464,1.3378520377089377e-06,9.579232483514389e-07,1.0742989351956323e-06,2.095992046977941e-06,0.9683273200927747,0.7792489184131656,0.7136771244205601,0.7553808019694581,0.00402879629553215,3.7e-06,7.506956831253282e-07,2.0242260337905273e-06,2.48748785824308e-06,7.21478982256639e-10,1.162631667457344
Moderate_C7_P2_05,C7,Moderate,64.0,0.00026258496159317136,1.868306809231116e-05,0.06424322203958181,0.057791148286993214,0.06229573100784098,1.1513949343628597e-06,1.0517512689408832e-06,1.1128849950741178e-06,2.0598098951716798e-06,0.6580179592978297,0.7738551876176429,0.7259219230870444,0.6984323053163812,0.00399407206287141,3.66e-06,5.076828311160841e-07,4.571522549233852e-07,2.5268653853708916e-06,7.51438397204023e-10,1.4079415588069115
Moderate_C7_P2_10,C7,Moderate,64.0,0.0002626364988579802,2.331045732930912e-05,0.05653996693723803,0.058488539218336216,0.056457322263139015,1.4353000348754951e-06,1.058380704812563e-06,1.2111043999296175e-06,2.015277395559833e-06,0.6017382873038943,0.8387655818715871,0.860670780674152,0.7234487890710507,0.00395333786686554,3.64e-06,5.907728976192926e-07,4.564093598001295e-07,2.636482032067279e-06,8.268099136012189e-10,1.7379140180415595
Moderate_C7_P3_05,C7,Moderate,64.0,0.00026452302503632687,2.4420297376388264e-05,0.04590713900841863,0.051173698217939656,0.045850577312124136,1.5885008937024252e-06,1.4068986049174439e-06,2.03838660536416e-06,3.3041849162860223e-06,0.6807468077896348,0.9737777808093976,0.7505118500949132,0.8598592162976485,0.00403680957999233,3.48e-06,6.080385378077932e-07,3.918194393924623e-06,3.3789248983038704e-06,8.856371173921384e-10,1.184953094638661
Moderate_C7_P3_10,C7,Moderate,64.0,0.00026676433469961325,2.4220964813272608e-05,0.046519919743968546,0.05129842358603895,0.0491579982604058,1.3611276306977868e-06,1.5691924115152964e-06,1.929965957061299e-06,3.242180957656425e-06,0.6259617933088057,0.9753234334737798,0.7836100487495863,0.8424771585191885,0.00407453879432564,3.54e-06,4.842464435646525e-07,3.830200760846043e-06,3.4045066702883855e-06,8.529513279354355e-10,1.09034831183249
Moderate_C7_P4_05,C7,Moderate,64.0,0.0002660166866989592,2.0085815116311435e-05,0.043857547941477594,0.05642980838124756,0.057762523990908095,1.6475795234029031e-06,9.850337659471729e-07,1.5476434440764098e-06,1.6162082792100692e-06,0.7881628188818632,0.7798014412060719,0.9453635193129417,0.7264770075084825,0.00410492249790379,3.78e-06,7.079492034599938e-07,5.316072104153212e-07,1.9410586813078637e-06,6.126550755564049e-10,1.1234078417293991
Moderate_C7_P4_10,C7,Moderate,64.0,0.0002659091509872693,1.486879187489509e-05,0.039271273586456774,0.05615534451696316,0.05895423791718963,1.3896194189896383e-06,9.959045183433026e-07,1.5959419552338405e-06,1.4051941766343114e-06,0.7312214466836471,0.7352815644955137,0.9353204684849846,0.7797222615114529,0.00408989758954097,3.7e-06,4.246988286821757e-07,6.048977697214287e-07,1.862781089951603e-06,6.21661668561189e-10,1.0084611364307166
Moderate_C7_P5_05,C7,Moderate,64.0,0.0002649372611248068,1.8632475603454695e-05,0.0579993209538092,0.06088077847786436,0.04964639172928493,1.7004639650217288e-06,7.856192543826571e-07,1.731100467239311e-06,2.517251828383676e-06,0.8890639897348701,0.8093197993466049,0.9372749897618785,0.9018343020332578,0.00403213516405723,3.32e-06,6.303526208326978e-07,5.310352043344403e-07,2.75634885173986e-06,8.118053537282421e-10,1.109545975095436
Moderate_C7_P5_10,C7,Moderate,64.0,0.00026554602125984596,2.180677343581984e-05,0.055970902015917604,0.05848939198848339,0.05005037370949663,1.497948848299426e-06,8.294436840909335e-07,1.674414414719729e-06,2.4376590696301252e-06,0.6747766573173828,0.862756005870601,0.9174356994380453,0.9180507459303253,0.00408956370268847,3.34e-06,4.2028025664956625e-07,4.2906542407603157e-07,2.4178249525391943e-06,7.437491621884312e-10,1.0651612869402016
Moderate_C7_P6_05,C7,Moderate,64.0,0.00026122223215480534,1.7422555020447628e-05,0.051106855204142695,0.058068520139244635,0.056844940458072736,1.6197867102789637e-06,1.1323099648982203e-06,1.1506271660647761e-06,1.4166501579237337e-06,0.9130659196811177,0.8401100604941103,0.724883883695783,0.682097473010582,0.00417637428434033,3.82e-06,6.466020848883786e-07,4.6250379487693513e-07,1.8322846107901137e-06,6.473657972458977e-10,1.4288236899858935
Moderate_C7_P6_10,C7,Moderate,64.0,0.00025989927358455005,1.7363154443655767e-05,0.05125295454303366,0.05540638163547489,0.059486330999467416,1.2998893243404074e-06,1.1818527473762665e-06,1.1239225326550643e-06,1.2145654026900054e-06,0.9089060205604921,0.9160487115516832,0.8127083793489186,0.5994231098333471,0.00406919660468553,3.74e-06,7.428386305216533e-07,4.762857614588533e-07,1.8698373627840398e-06,6.955826167259522e-10,1.0368972946199642
Moderate_C15_P1_03,C15,Moderate,10.14,0.0003092812332883202,0.000148176443106154,0.05032227797083146,0.055526179113642986,0.05352055832846351,4.6185195132793725e-06,2.445054642469514e-06,1.8829304786002827e-06,1.5670120341959456e-06,0.5064642657691334,0.9439141966429704,0.9699320541148333,0.9657379681778313,0.00543312439717737,1.026e-05,3.1819443971498884e-06,1.0314761384350614e-06,2.527817130239613e-05,2.8011107410782866e-09,7.180292159807332
Moderate_C15_P1_05,C15,Moderate,10.14,0.00030982686691511014,0.0001389127288015839,0.050376859081861756,0.057817219784933836,0.0542019788831811,4.479244528427923e-06,2.3900209255968376e-06,2.0186893277873715e-06,1.5963191120368893e-06,0.47259240078813913,0.8948427289791612,0.9667359996917617,0.9869998599209417,0.00544614598442516,1.008e-05,3.984424029591155e-06,1.4321325192852309e-06,2.306805805021787e-05,2.683778441968671e-09,6.3986057144611515
Moderate_C15_P1_10,C15,Moderate,10.14,0.0003083906207225005,0.00014143087510152578,0.050444502024549975,0.05892956364541398,0.05490507656063977,4.378886105507189e-06,2.398265590929262e-06,1.8202154439262862e-06,1.7900907446828397e-06,0.5251214048332927,0.8669042416625979,0.9939475791369509,0.9877950400133995,0.00541910114937208,9.76e-06,4.286878321939099e-06,1.2912698068514635e-06,2.290170248669827e-05,2.7002869764579144e-09,6.5704496793199985
Moderate_C15_P1_09,C15,Moderate,10.14,0.00030880965735942433,0.00013763721483730102,0.05050437057805534,0.05889355757029909,0.054580179335406355,4.517552775944679e-06,2.336923241839078e-06,1.775160360143475e-06,1.7358077345114616e-06,0.4706953415932748,0.8773873418521834,0.9774299081956922,0.9490428967904396,0.00544013602108003,1.026e-05,3.935624822106668e-06,1.3342224121319528e-06,2.2579332591484452e-05,2.6698996472109872e-09,6.414927920050814
Moderate_C15_P2_01,C15,Moderate,10.14,0.000296667614611395,2.7868792192784473e-05,0.05338189100076865,0.05344085299358724,0.049521443271254684,2.864458047637597e-06,1.945733266518161e-06,1.6678180474320258e-06,1.4843884203267794e-06,0.8729584692006899,0.9645209960793514,0.9431138125231674,0.9815262831113777,0.00545649647685288,8.14e-06,3.838329348195291e-06,1.4706951925367594e-06,2.6127808495503085e-06,8.516762826590254e-10,2.534207720002661
Moderate_C15_P2_03,C15,Moderate,10.14,0.0002966695625208561,2.915168595154597e-05,0.05324892527077376,0.056336586473928106,0.053355596804928594,2.727192569371786e-06,1.9334361264581914e-06,1.6453000428654255e-06,1.411406962061851e-06,0.8824943898843232,0.9579939981465089,0.9810726642533871,0.9649396217227005,0.00543011941550481,7.46e-06,3.827576737007728e-06,2.1862897068907672e-06,2.6523292243124926e-06,8.867258829681945e-10,2.3374215571345043
Moderate_C15_P2_06,C15,Moderate,10.14,0.0002976123912903366,2.973421607549123e-05,0.052475387492894994,0.055459451046265366,0.047109754146426625,2.6769092468047986e-06,1.7825683243599165e-06,1.70934604453273e-06,1.3830914785028838e-06,0.8451806279146634,0.9774883812192617,0.9005888555699536,0.9260717063472977,0.00551258946807409,7.3e-06,1.2818866543158836e-06,2.393050511399446e-06,2.77711564623468e-06,8.691243029111225e-10,3.290552662428528
Moderate_C15_P2_10,C15,Moderate,10.14,0.00029707744721350345,2.854184423433853e-05,0.052506373600864825,0.0549940231628016,0.05061120780494788,2.788523278416456e-06,2.0303721589279675e-06,1.6568544995224842e-06,1.3851756400132737e-06,0.8791341083305949,0.9802596357747363,0.9192670188838202,0.9635835115988061,0.00548521074616849,7.5e-06,4.231526899312432e-06,2.3084839686798755e-06,2.5544316160137744e-06,8.714069066069671e-10,2.774975623557488
Moderate_C15_P3_01,C15,Moderate,10.14,0.00030958587476334544,0.00010768914379109736,0.061543918700273835,0.05216481257337211,0.05429080811131229,4.588401863520119e-06,2.831608115195054e-06,2.0133230464634937e-06,1.4779690857517672e-06,0.8609203506473073,0.9468727144233279,0.9846438702484376,0.9742956285467613,0.00545916757167293,7.62e-06,2.2356722786817667e-06,4.029060290041392e-06,2.122346497288557e-05,2.487998637105935e-09,2.8552183360640084
Moderate_C15_P3_05,C15,Moderate,10.14,0.0003076521144138857,0.00010023860593571522,0.06163150345748048,0.049277411008173,0.05528745963031019,4.281627430288358e-06,2.921602587731005e-06,1.8934686905157125e-06,1.7560459661842749e-06,0.8660081848755208,0.9175730674817875,0.9590382792466664,0.9772188835852813,0.00543212273661985,7.62e-06,3.969820363834595e-06,4.193641812381265e-06,1.766761964753984e-05,2.34195579420955e-09,2.9876563030363616
Moderate_C15_P3_10,C15,Moderate,10.14,0.00030298136293914815,0.00010564067349989126,0.060513167874066714,0.05160119220431802,0.0547607077403524,4.148382381072009e-06,2.6435372811500563e-06,1.98576670450329e-06,1.6264087169745352e-06,0.8937597815210819,0.9370145912131849,0.9276347990399169,0.9682238196458955,0.00530624739322464,7.62e-06,1.8537654567625668e-06,3.991148128422432e-06,1.8522973938711326e-05,2.374045294051171e-09,3.1134423204063224
Moderate_C15_P3_12,C15,Moderate,10.14,0.00030788536352776717,0.0001027611911416673,0.06116892225289593,0.05073220702910766,0.05416585546735391,4.191927698618321e-06,2.802851718044367e-06,1.84994517223381e-06,1.6920009253456984e-06,0.879891022477438,0.9254965752836801,0.9144631055340245,0.9251479763549579,0.0054384665868175,7.52e-06,2.219199288573918e-06,4.131909696756517e-06,1.8715551729654808e-05,2.370496423278471e-09,2.993153015701952
Moderate_C15_P4_01,C15,Moderate,10.14,0.0003046516630443929,0.00012545362717766398,0.049179112322545925,0.05718399437346025,0.054135538020418504,3.340172603992477e-06,1.6950964763667481e-06,1.6650620728959423e-06,1.1536389094535307e-06,0.8459498754647047,0.960135061235278,0.9552537718756494,0.9805416415319601,0.00537769917966117,9.58e-06,3.067233168470315e-06,1.7858029967506094e-06,2.1027618238244297e-05,2.539059135298146e-09,6.179017666666671
Moderate_C15_P4_03,C15,Moderate,10.14,0.00030452750232378984,0.00011790644182434625,0.05148406448857434,0.05417414036758827,0.054561982267803476,3.6845620789613004e-06,1.6564637678040758e-06,1.4817005627943427e-06,1.1933825739853666e-06,0.9074569300492751,0.9286365189489424,0.9737774120791297,0.9550678759095752,0.00538070416133374,9.78e-06,3.88188053952435e-06,1.973967473990572e-06,1.9056881303485524e-05,2.4453410698072526e-09,6.118086093374555
Moderate_C15_P4_09,C15,Moderate,10.14,0.00030379252676715176,0.00012317405304049255,0.05280458336246996,0.05744057993317843,0.053109015578227114,3.7295184231732056e-06,1.4130603002120795e-06,1.6348043411643339e-06,1.2262026476582464e-06,0.9458791983503331,0.9196613211966672,0.9804117126665245,0.9796763702950418,0.00540708122268181,9.3e-06,2.2476969887807985e-06,1.7851250751222689e-06,1.9455120058464997e-05,2.4986172977994197e-09,5.252803084079786
Moderate_C15_P4_12,C15,Moderate,10.14,0.0003018807350228723,0.00012384556865642463,0.05284416847475627,0.05778572509070816,0.05491979920247994,3.4207560563940615e-06,1.7131631927948014e-06,1.5375669693530245e-06,1.4049072212021958e-06,0.8878138207903749,0.9191712464234968,0.963701014637857,0.9753390277423413,0.00537769917966118,9.26e-06,2.960765436756149e-06,2.164914423545312e-06,1.9600210611972627e-05,2.50397424655463e-09,5.520566898852444
Moderate_C15_P5_01,C15,Moderate,10.14,0.00030943794647293136,7.746717177019863e-05,0.055657684072079085,0.04399644759736246,0.05608384327218672,7.587393377334623e-06,4.2058948668694095e-06,2.062989051274161e-06,1.720531732029629e-06,0.87024122383936,0.6643675045307245,0.9289494494732965,0.9922060407187984,0.00550123731508883,8.02e-06,1.4499409241477658e-06,3.3797488227756894e-06,1.6607808346068974e-05,1.909583882378045e-09,1.560855778871479
Moderate_C15_P5_05,C15,Moderate,10.14,0.0003031843976202712,7.659798141289543e-05,0.055988980046496085,0.04380639399915169,0.059041798424197746,7.5872785316502624e-06,4.083707897097428e-06,1.9675325579442986e-06,1.5912258876451821e-06,0.8894221571411592,0.6718628025083376,0.8952596356508012,0.9765693713419672,0.00535299155257565,8.18e-06,1.4203292353628198e-06,3.4188985403929053e-06,1.6046897272958958e-05,1.896206310033612e-09,1.468767261584515
Moderate_C15_P5_10,C15,Moderate,10.14,0.0003041141104313973,7.462501791537415e-05,0.056055095129905516,0.04397527332342221,0.055727747542122175,7.257559675983709e-06,4.013390385244554e-06,2.0590638896588045e-06,1.7694879746534473e-06,0.8744067949554903,0.6620022913372602,0.8739442961152065,0.9468051294165644,0.00545048651350775,7.96e-06,1.5971866705252357e-06,3.3291486188337193e-06,1.50402903988755e-05,1.8155718492478516e-09,1.5935886489052766
Moderate_C15_P5_12,C15,Moderate,10.14,0.0003066972801123559,7.843893049643885e-05,0.05519962359477943,0.0432589804295762,0.05709647908527173,7.389345162366792e-06,3.854488269302273e-06,2.0880227781595755e-06,1.6175628234580052e-06,0.8621214933436191,0.6571714586151527,0.9265760813598716,0.9822039961762308,0.00545182206091777,8.18e-06,1.4266255673320311e-06,3.6370006919351813e-06,1.580308470541644e-05,1.91480200471827e-09,1.6463531851845798
Moderate_C16_P1_01,C16,Moderate,12.9,0.0003044123579272205,6.17672413654185e-05,0.05975752887846099,0.04862356325240123,0.05986390134493242,4.8535753821206e-06,6.5956885606713645e-06,2.663848256180604e-06,1.819415435857595e-06,0.8641367611677934,0.9000132014546629,0.7989100925131157,0.9817186693848969,0.00539072076690896,7.78e-06,1.4083537030547584e-06,2.949425287271386e-06,1.1229165501000742e-05,1.52789484125049e-09,1.3704840388147566
Moderate_C16_P1_05,C16,Moderate,12.9,0.0003040275685020636,5.6846893563203733e-05,0.059428406003558594,0.049445373186136184,0.058906836545129175,5.011843023520932e-06,6.217850206502149e-06,2.4410200054504695e-06,1.936986426420179e-06,0.8654701106562532,0.913389465875785,0.8363249985995092,0.9769313541981242,0.0053646775924134,8.18e-06,1.381703607018128e-06,3.5388868835420385e-06,1.0204401992439803e-05,1.4162198413317389e-09,2.145491433990561
Moderate_C16_P1_10,C16,Moderate,12.9,0.0003015104711102828,5.80301784391654e-05,0.059528340470703246,0.04990107434521504,0.059753417354237094,4.841150105934926e-06,6.05788086185227e-06,2.391836715133994e-06,1.6628460207878961e-06,0.8317460993393856,0.9189963628502544,0.7844355201620203,0.9906491770237854,0.00534030385218038,8.1e-06,1.2851827474538015e-06,3.6116872415685186e-06,9.88705739149675e-06,1.38355720692755e-09,2.2243839854999234
Moderate_C16_P2_01,C16,Moderate,12.9,0.0003041997461030228,4.1151656731096736e-05,0.05040579869200376,0.05017860330512169,0.05478094852863737,3.4757730011723234e-06,3.709880181960465e-06,1.2959807250805063e-06,1.1467748985386835e-06,0.7500877428923645,0.9011611372921808,0.5433081934235386,0.9655102131466008,0.00541676394140452,7.98e-06,1.2409250253013683e-06,3.201602657530234e-06,5.475950731068656e-06,1.176423161980599e-09,1.5120392944130805
Moderate_C16_P2_05,C16,Moderate,12.9,0.0002992123083464768,4.018526407327103e-05,0.052213985289294704,0.051798981815567316,0.05554887638360234,3.2777874357547543e-06,3.8071270228470866e-06,1.0675601999945491e-06,9.54899445518769e-07,0.7308695905621938,0.9200918470297176,0.4576720662096028,0.9463431817348703,0.00531125569601225,8.1e-06,1.5380211360050762e-06,2.9174638405404203e-06,5.643403692173301e-06,1.2333355447444602e-09,1.2951229876335475
Moderate_C16_P2_10,C16,Moderate,12.9,0.00030540395120114047,4.05169968919474e-05,0.05248421182907951,0.05074458878370845,0.05613921820484626,3.3812385843123524e-06,3.850675777169712e-06,1.236623734803934e-06,1.2250069051179522e-06,0.7544047496041358,0.9014895540227704,0.5421759665234265,0.9407192247803717,0.00550090342823632,7.98e-06,1.4355493148997828e-06,2.983691857557281e-06,5.3533746270892415e-06,1.1288521592288187e-09,1.3634247183127854
Moderate_C16_P3_01,C16,Moderate,12.9,0.00029901746751220327,3.88970575434328e-05,0.04908947573045029,0.045411804467227694,0.05396858836966051,3.961703505774841e-06,2.965065172806733e-06,1.5089395940176572e-06,1.0859611573445085e-06,0.7863683328995946,0.6978369286102846,0.8244529144794949,0.9699997561648291,0.00535332543942816,7.74e-06,1.8778138024877808e-06,3.6358977978810165e-06,5.534654806101945e-06,1.169693519242604e-09,1.2291101166251606
Moderate_C16_P3_05,C16,Moderate,12.9,0.00029925626070073495,3.477846374914108e-05,0.04924020089500443,0.04607925659620847,0.054316331363656205,3.908401515643586e-06,3.0879749743805765e-06,1.462928406264992e-06,9.876549788296426e-07,0.8187456364257482,0.7688253170055432,0.7232080406265733,0.9281766752446736,0.00538971910635145,7.84e-06,1.747938814844039e-06,3.82843089169263e-06,5.242058454330626e-06,1.105844673291581e-09,1.1782131770600042
Moderate_C16_P3_10,C16,Moderate,12.9,0.0002977834671239834,3.467257973548233e-05,0.049391645143657924,0.04674429128151866,0.054435191281263354,3.7104211314728237e-06,3.03930040351502e-06,1.4670853865354665e-06,1.1069946770672765e-06,0.7698312182553287,0.766885112957276,0.8130598507274703,0.9778505107292882,0.00536668091352844,7.86e-06,2.1645383757394557e-06,3.893938086386784e-06,4.775705122042606e-06,1.0532090296712436e-09,1.192342600913856
Moderate_C16_P4_05,C16,Moderate,12.9,0.0002925784267891672,5.135864372277655e-05,0.05499125247095645,0.04274628989151934,0.05484517556018586,3.2606561953379657e-06,3.85721158883035e-06,2.476129808990736e-06,1.978231380364076e-06,0.601304512903595,0.7649535721004413,0.8314987482715639,0.9421114102601591,0.00533128890716268,7.74e-06,1.289211838376403e-06,4.0853129697774835e-06,4.5187614878966864e-06,9.237105128814845e-10,1.6246730985715547
Moderate_C16_P5_05,C16,Moderate,12.9,0.000296323901024046,3.878468556846382e-05,0.04265410105865684,0.054411586959746405,0.05136082788378858,4.560678054080692e-06,3.3086090901255054e-06,1.690753603170002e-06,1.4151107967316772e-06,0.8362427927184355,0.7901900537372519,0.9231788912845297,0.9783903825409319,0.00524714942033086,7.34e-06,1.4697892301561615e-06,4.466180637115627e-06,6.396519676557054e-06,1.3223691413369072e-09,1.1563903022091704
Moderate_C16_P6_05,C16,Moderate,12.9,0.0003057419575434252,7.79983942177466e-05,0.05497909919873353,0.049288241479439006,0.052912737890745055,6.832689855765586e-06,4.260861780962638e-06,1.8144035878904725e-06,1.319080675237945e-06,0.8442689999306212,0.8519928391133783,0.7871721622335012,0.9075161493538314,0.0054207705836346,7.7e-06,1.3939012297711918e-06,3.96385769720124e-06,1.1738047223098545e-05,1.5988934832968442e-09,2.1822104759143217
High_C5_P1_01,C5,High,26.48,0.00026421091767551,1.4436812078133309e-05,0.057216979187230066,0.05848375652086516,0.05973968811182514,1.1942035256864818e-06,1.2147100240828764e-06,9.179142345925738e-07,2.29114912891725e-06,0.821371767750987,0.9175978814265335,0.698354126499297,0.944596476658514,0.00446952694084163,3.8e-06,5.86678688976341e-07,1.0906800658145454e-06,1.4550857834954171e-06,5.120979020050499e-10,1.2644087933038748
High_C5_P1_02,C5,High,26.48,0.0002626450704799351,1.679708122310117e-05,0.06044151618061606,0.0625994100560805,0.06342768148462831,1.3588889636591995e-06,1.2089919828778066e-06,7.387907919226808e-07,2.4055982676798922e-06,0.8591398866236059,0.8282565651190681,0.5926407645409609,0.9337087906145609,0.0044070900994228,3.88e-06,5.68851488884595e-07,1.065117150313298e-06,1.8698175714193817e-06,5.911856756643451e-10,1.0554316776098664
High_C5_P1_05,C5,High,26.48,0.0002622521506406827,1.545336593865218e-05,0.05692585502885642,0.05901837728455633,0.06087440105754625,1.1326605879693488e-06,1.0210600911847216e-06,1.0080340881613802e-06,2.2439791885389932e-06,0.8868445702291937,0.819759120206266,0.682187975846321,0.9303817934676679,0.0044214472340806,3.88e-06,5.9687983551012e-07,8.975659295944503e-07,1.3970752537172004e-06,4.349440866160409e-10,1.0236927058250875
High_C5_P1_09,C5,High,26.48,0.00026303271751726035,1.5917101592930866e-05,0.06077501520041171,0.058513871190580505,0.06505814403758649,1.2187665419868433e-06,1.0169737671683914e-06,8.055711799051052e-07,2.3395233816964934e-06,0.8481998529579142,0.8476839801660624,0.6064549566181447,0.9327174961169027,0.00442879274483576,3.96e-06,7.050354574985176e-07,1.109312645093397e-06,1.5799548887694085e-06,5.052934510029886e-10,1.1120665384115536
High_C5_P1_10,C5,High,26.48,0.00026347539080581235,1.5013210245274464e-05,0.06200936631238704,0.05839140490157359,0.05813445409844508,1.0733608722450035e-06,1.290610931650492e-06,1.1179143418468527e-06,2.4641869172008513e-06,0.7747231547162552,0.9164205481700491,0.7754355965192309,0.9716999545250482,0.00439673960699507,3.88e-06,6.887685110262088e-07,7.940844368046479e-07,1.744284584381487e-06,5.146130710315216e-10,1.3160158387958
High_C5_P1_01_rep2,C5,High,26.48,0.00026206906664261236,1.71195895904446e-05,0.050821870084788674,0.047364199075308935,0.0654361725212877,1.3333302119428142e-06,1.0703704436510755e-06,9.240089387429036e-07,1.977034168343634e-06,0.7823952551486253,0.5549655673427668,0.6948691148013754,0.8725978898769007,0.00436969477194199,3.78e-06,4.6372987790077397e-07,2.39038565796356e-06,2.044097222802319e-06,6.796778636854543e-10,1.2201461944449763
High_C5_P1_02_rep2,C5,High,26.48,0.00026182541387422383,1.706119328350036e-05,0.05178046275864857,0.0464601839845867,0.06461423060386517,1.3940900848263666e-06,9.294595883534047e-07,9.321650670037969e-07,1.9788591971149834e-06,0.9230271731490388,0.5216194864522379,0.7399078262684968,0.8973784296843466,0.0043747030747296,3.86e-06,4.858522656403008e-07,2.445081058860008e-06,1.9683520680286804e-06,6.706230336001684e-10,1.25833935575414
High_C5_P1_05_rep2,C5,High,26.48,0.00026326653974261763,1.814832667516584e-05,0.04262415700539793,0.054444320974610015,0.06342686089693546,1.3249721936729967e-06,1.1879246741032559e-06,1.0333097603358096e-06,1.926949696000063e-06,0.749422918766427,0.6920009911965155,0.7839206636781932,0.8361938680229252,0.00439573794643755,3.82e-06,5.061998550356613e-07,2.5055116635197907e-06,2.0143661248151287e-06,6.910650383340924e-10,1.1703855527897127
High_C5_P1_09_rep2,C5,High,26.48,0.0002628320590126404,1.7576947240995557e-05,0.05351254970087109,0.048621026955732526,0.04794386207811337,1.2496059665332688e-06,1.5029710124959176e-06,2.0259799598159794e-06,1.996641109578186e-06,0.9719391528632679,0.8907031247045224,0.9184660607149255,0.7774741826401613,0.00448288241494192,4.34e-06,5.763633969534672e-07,1.029971685822181e-06,1.4645833214574303e-06,4.848747689304967e-10,1.0878439921798913
High_C5_P1_10_rep2,C5,High,26.48,0.0002613389068671348,1.7235369868353965e-05,0.054720500045554815,0.04396623065653193,0.050220684574441316,1.3075408650977828e-06,1.6109465593820228e-06,1.971324410833532e-06,2.100418888341574e-06,0.9063774860690378,0.7618426511831679,0.9658252120447536,0.8539001975351274,0.00440775787312781,4.36e-06,5.818297954699854e-07,9.790494665475737e-07,1.5803506562236272e-06,4.906190649962495e-10,1.0954138338661359
High_C5_P3_10,C5,High,26.48,0.0002637843657012483,1.7869393098230153e-05,0.05045593828265079,0.042579668822844745,0.04983909874720793,1.2372724387111856e-06,1.4514156095054936e-06,1.9262168985237632e-06,2.249854614265141e-06,0.7753250986765641,0.7716811939368284,0.9466619717632062,0.8423492943553584,0.00443413493447587,4.44e-06,6.926697665485046e-07,9.152598663151101e-07,1.4646318852757148e-06,4.5967364861377806e-10,1.0967673830273714
High_C5_P4_10,C5,High,26.48,0.00026537581566888897,2.01163651404669e-05,0.05295749447862323,0.050164809973750904,0.05840453429217755,1.3294993728216446e-06,1.477941831709882e-06,9.115416111056891e-07,2.1814909925346135e-06,0.7338077756214954,0.6630985266501824,0.715421335096973,0.8514161577064374,0.00446117976952895,3.88e-06,6.696039774648062e-07,1.2218479224329438e-06,2.849859772515547e-06,7.277663857265927e-10,1.013259303986451
High_C5_P4_01,C5,High,26.48,0.0002663665095429908,2.0215924387320567e-05,0.05266718838111482,0.05595940989756379,0.057431476890135516,1.3082099145148342e-06,1.3360763461744686e-06,1.1042460954811841e-06,2.129748486204648e-06,0.9177871793544584,0.6522055949790838,0.7893654583966159,0.788594333129704,0.00448121298067939,3.86e-06,6.761238830551119e-07,2.697129679250437e-06,2.523444064796694e-06,6.88970079933068e-10,1.0340298976738593
High_C5_P4_05,C5,High,26.48,0.00026652884474307495,1.945925332086778e-05,0.05365040386316311,0.05347179202397095,0.05708585649315963,1.33896132665367e-06,1.4749130623564463e-06,1.043647958306787e-06,2.0525302039913566e-06,0.9535142159709562,0.7355880429849975,0.7618796146227129,0.7750308422944343,0.00446385086434901,3.86e-06,4.238870552190436e-07,1.018778447442837e-06,2.8282499418298154e-06,7.009643572188474e-10,1.144397479774548
High_C5_P5_01,C5,High,26.48,0.000264248910212925,2.1180671262664737e-05,0.04862271054799428,0.04794792713482453,0.055112169177507206,1.3356735813623175e-06,1.5016133749066206e-06,1.0514207005573777e-06,2.1016382635230254e-06,0.722728380045278,0.6880357487000383,0.6079727428403564,0.923638116173746,0.00435133099505409,3.98e-06,4.742410766764981e-07,2.676903009629021e-06,2.655471474559106e-06,7.984869141923753e-10,1.3642095382921744
High_C5_P5_05,C5,High,26.48,0.0002642790237975412,1.89824727091696e-05,0.040707741181689495,0.046775866101902264,0.05165703355417269,1.2063920646711396e-06,1.5345125952450396e-06,9.89529198019241e-07,1.9412983655859548e-06,0.6908808059824201,0.6954406463829248,0.6960009400691499,0.9067820858868203,0.00441143062850538,4e-06,9.864439527057036e-07,2.7654656914017335e-06,2.100399122793069e-06,7.089733334096594e-10,1.3048264510973597
High_C5_P5_10,C5,High,26.48,0.0002639044798888051,2.0271389445190336e-05,0.05056990404515505,0.049198661994993086,0.05614766288463019,1.2163025018785195e-06,1.4548708342771552e-06,1.1012988817741725e-06,2.027086140660152e-06,0.629229277498403,0.6066853549990954,0.7907332601393467,0.90036423268694,0.00441877613926054,4.02e-06,5.547979355939611e-07,4.5268388408402684e-07,2.2167315125472344e-06,7.206034151855591e-10,1.3963214365064882
High_C9_P1_05,C9,High,39.72,0.0002766355832731585,3.735329198045585e-05,0.06412762655972186,0.04945608179107055,0.054138428251342345,2.9039616269289876e-06,2.8616519721057723e-06,2.1765156174979097e-06,1.7276203016772497e-06,0.7574584013455958,0.7920629987391303,0.9002937929216053,0.9761436343978745,0.00484348021564969,7.34e-06,1.9028676563476677e-06,8.965966948132779e-07,4.980241709196822e-06,1.181979852811489e-09,1.6458913973626015
High_C9_P1_10,C9,High,39.72,0.00027719764310610556,3.800567092955513e-05,0.06424013440627137,0.04772337848841594,0.055012995254134694,2.8190409751664476e-06,2.7580417273013514e-06,1.974864418062676e-06,1.4942276292045976e-06,0.7429780235016449,0.7473116193598667,0.9289580885628007,0.9193749275077552,0.00482545032561429,7.2e-06,1.5736649334232984e-06,9.479230665824117e-07,4.431201112532178e-06,1.126035747309738e-09,1.352735380687311
High_C9_P2_05,C9,High,39.72,0.00027354056179857897,3.056355276039811e-05,0.061255879685501266,0.05774637096482097,0.046142113069281565,2.7579162986074157e-06,2.675780297658028e-06,1.946207184907973e-06,1.8454905322328628e-06,0.8361920693787576,0.7905047341669085,0.847377775809541,0.9910792914519982,0.00488421441165557,7.22e-06,3.4373282541447223e-06,9.938819769572046e-07,2.942582360713321e-06,8.627429264653562e-10,1.4838462247732807
High_C9_P2_10,C9,High,39.72,0.00027895732673947546,3.2579926468620294e-05,0.06298063206896312,0.05756285334634415,0.0469376869326282,2.6161821169195796e-06,2.6638723982804116e-06,2.142945858420282e-06,1.8793147841021414e-06,0.7816637642559864,0.7926795969732844,0.8703610396690676,0.9514418959876616,0.00490191041483844,6.98e-06,3.3834119936223954e-06,9.424321483408044e-07,3.098244390027878e-06,8.614266939849415e-10,1.264798995216109
High_C9_P3_05,C9,High,39.72,0.00027993470698038897,2.5559322804507287e-05,0.0609581129759616,0.05374531515228502,0.0468848606722863,1.9363296788696926e-06,2.366812658994594e-06,1.6195047264293264e-06,1.4505043032800771e-06,0.7792431900121117,0.9222147226320626,0.8638090269677953,0.9651064104365329,0.00495600008494459,7.06e-06,1.3363829465448745e-06,9.472041453748944e-07,2.821755553491111e-06,9.128660023567864e-10,1.6690463309957206
High_C9_P3_10,C9,High,39.72,0.00027613426509902155,2.5448046486897862e-05,0.058837741589247046,0.05348443157044751,0.049017484651737754,2.1393986751210903e-06,2.357327783405425e-06,1.6494760398814486e-06,1.3687728161519264e-06,0.8275972718626222,0.8627672229196948,0.9354798975089867,0.9701206331903144,0.00492895524989152,7.3e-06,1.5161696158696153e-06,7.655055128951412e-07,2.6102182736222708e-06,8.634512676630006e-10,1.2247368987489706
High_C9_P4_05,C9,High,39.72,0.00027794125094396046,2.8783421421027617e-05,0.05204178989039897,0.06095695955189367,0.0517042805484851,2.185481706214274e-06,2.8635363218973595e-06,1.2275632809784405e-06,1.1863006754571272e-06,0.8990666844969598,0.8589712087324889,0.8230228589169285,0.9582996346458043,0.00478705333757597,6.78e-06,3.324768081496697e-06,4.604523051543933e-06,3.410357935262056e-06,9.416807339247641e-10,1.115386086999698
High_C9_P4_10,C9,High,39.72,0.0002811244733606277,2.7147531108226577e-05,0.05087357436614438,0.060808601078624167,0.048189085333835,2.4331478053188263e-06,2.853657007906238e-06,1.288646577901638e-06,1.112770020800997e-06,0.8869898805449961,0.8650577764606874,0.8258121548967622,0.9640405550325707,0.00491393034152871,6.82e-06,1.3590849318635754e-06,4.615329774284165e-06,3.1017535798261578e-06,9.130998771721317e-10,1.0022548353854173
High_C9_P5_05,C9,High,39.72,0.0002763909970197742,3.3634396378649335e-05,0.05131326023621181,0.06043587280131098,0.04784687757005256,3.498144689127484e-06,3.4668876523167834e-06,2.470321756528949e-06,1.9510896075962175e-06,0.8761158287335752,0.8774855865058077,0.9002966299680891,0.9498246580349128,0.00480374768020133,7.12e-06,8.265652736899553e-07,2.5436362620534437e-06,3.7546729639700083e-06,8.781325483174622e-10,1.2629019998478679
High_C9_P5_10,C9,High,39.72,0.00027869450997356464,3.6528015864113097e-05,0.05041405554355387,0.06085381093085484,0.04623329532069154,3.723279747212796e-06,3.560300396564597e-06,2.5315510324902236e-06,1.8995284382039514e-06,0.8508304661373655,0.8745943893901738,0.8593178271830161,0.9545060668848496,0.00490391373595349,7.14e-06,9.898460165618584e-07,4.3198977869554745e-06,4.448928978245577e-06,9.79877343067748e-10,1.382528588832677
High_C10_P1_05,C10,High,20.1,0.00027905394631064586,2.6007876632619953e-05,0.05887431724888772,0.05620503942587955,0.05055853528256006,2.382967249502254e-06,2.956424256661915e-06,1.5300360745611864e-06,1.4713165021202975e-06,0.8189111433421736,0.9415402635195169,0.9621984306168232,0.9756782651572325,0.00489790377260835,8.48e-06,2.651605248239101e-06,9.284959059374168e-07,3.078777275841406e-06,9.112373286903504e-10,1.225006424035572
High_C10_P1_10,C10,High,20.1,0.00028037195985288865,2.4920127035202797e-05,0.05835580106781999,0.05709579274725822,0.04942232658621708,2.4326804914718436e-06,2.7467688270120844e-06,1.7402584715646738e-06,1.3206776242387816e-06,0.8450692081542098,0.940539393991184,0.9308302561786693,0.9911896528755879,0.00491326256782368,8.42e-06,1.7465273212838725e-06,1.082378775351017e-06,2.7425409294385248e-06,8.378813638716675e-10,1.3155485627649222
High_C10_P2_05,C10,High,20.1,0.00027976119692709833,3.194001155444641e-05,0.052851385173513954,0.054482166762795145,0.05483909869268474,2.438355045128111e-06,2.952022217386972e-06,1.7492965911605275e-06,1.6338360703937502e-06,0.6923767363787376,0.8542832446543813,0.9335545782599467,0.9415047956539317,0.00492862136303902,8.34e-06,9.883142352798525e-07,2.925304103960062e-06,2.4310185709436954e-06,7.420915078433043e-10,1.1073810768282564
High_C10_P2_10,C10,High,20.1,0.00027692521177635787,3.31464536683782e-05,0.05517489088768288,0.05405465588632095,0.054246263196644634,2.360884033497785e-06,2.710416874974707e-06,1.867021029502235e-06,1.545113152281076e-06,0.6463010430624188,0.8125515162574177,0.9272315596796515,0.994192538437781,0.00493563298694167,8.46e-06,1.1757311601915192e-06,2.9137534026014604e-06,2.3457162342816068e-06,7.893893726810328e-10,1.299561600743321
High_C10_P3_05,C10,High,20.1,0.0002782573396366822,2.669261469283052e-05,0.05328500132652969,0.054491152694818606,0.05540941740553938,1.7649097832431343e-06,2.0034387753397135e-06,1.0306607641269225e-06,1.1534601340219312e-06,0.5773251014509627,0.8568588895012725,0.9764286684444065,0.8553621962439764,0.00488888882759067,8.22e-06,1.0282633999755006e-06,3.6191673814670838e-06,1.7859575646938108e-06,7.288913488285994e-10,1.2007521636016003
High_C10_P3_10,C10,High,20.1,0.0002798104595989147,2.754068104713509e-05,0.050503247339054785,0.055529513986273524,0.05135487611525665,1.8426850461314707e-06,2.2265815453986068e-06,9.316269115862174e-07,1.2472657678869866e-06,0.5555418539650686,0.8015854357615212,0.9208364232395608,0.9564925927807213,0.00494264461084431,8.24e-06,1.2224652433926379e-06,3.5315919423735076e-06,1.8486086033720926e-06,7.014080906544981e-10,1.4951476608661212
High_C10_P4_05,C10,High,20.1,0.000278848453877244,3.295567843950858e-05,0.05324158796362718,0.05616937908574161,0.04846842131587637,3.0108033471019074e-06,3.412773251114955e-06,2.202723554642577e-06,2.0132505750092642e-06,0.8694868142885684,0.8906152725621117,0.9295705234868251,0.9595911015712683,0.00486451508735764,8.78e-06,1.1414156209712674e-06,3.0659767306605002e-06,3.5686408877262e-06,9.834697301537095e-10,1.4633925594098196
High_C10_P4_10,C10,High,20.1,0.0002778182623985305,2.9734414544202378e-05,0.05208363760297288,0.0581899029243592,0.049178356131962093,3.112976991486461e-06,3.1466351156434067e-06,2.127580742298455e-06,1.8807957074441058e-06,0.9022874238615779,0.8777741692065384,0.9353863133960774,0.9472935275474675,0.00488822105388565,8.58e-06,2.0199898117346085e-06,1.089362070994293e-06,3.1521425939620284e-06,9.055462469933543e-10,1.328550102326836
High_C10_P5_05,C10,High,20.1,0.00027715508323039253,3.468693834336985e-05,0.05401764313326703,0.04925706704185525,0.055332519445869095,2.710172667606771e-06,2.553656687071399e-06,1.344452823030614e-06,1.128310653557963e-06,0.7074975253946926,0.7816910106150694,0.7239309541124728,0.8945167707406944,0.00488688550647562,8.14e-06,1.6364961579199395e-06,3.1915054565736693e-06,3.4220292284597205e-06,8.950940526943209e-10,1.266872569958554
High_C10_P5_10,C10,High,20.1,0.00027637877166371673,3.170959292774786e-05,0.053080138268844466,0.049126068872889485,0.05819874795039842,2.5893075575194266e-06,2.454180392507495e-06,1.4389461759433105e-06,1.033874701547563e-06,0.7324465980688988,0.7830910664066026,0.7505356306977139,0.9655557342495361,0.00487286225867032,7.98e-06,1.968923757552089e-06,3.3170990250662898e-06,2.9816282264481085e-06,8.677973716332121e-10,1.399036982910075
High_C10_P6_05,C10,High,20.1,0.00027627824953044245,3.582861280097783e-05,0.05541222609478595,0.053981216617547484,0.05580141104009671,2.633045386357774e-06,2.7368821115374704e-06,1.3483603343126407e-06,1.383308568736349e-06,0.668668732816725,0.8630242220552731,0.7868397905552172,0.975321708388367,0.00485817123716,8.46e-06,1.1682838503361865e-06,2.5857487255314794e-06,2.401558089620199e-06,7.311678942262537e-10,1.0257496638651786
High_C10_P6_10,C10,High,20.1,0.00027103907040797003,3.6187784359931854e-05,0.054187257303028806,0.05292473672672451,0.05478155749433709,2.6749275229271535e-06,2.7096629341848913e-06,1.4419935661997834e-06,1.2500764369316555e-06,0.6676581713488948,0.885084160534014,0.8648831769624407,0.9899524789221992,0.00483146028895943,8.36e-06,1.2650266336685573e-06,2.5450496937319702e-06,2.602392797371743e-06,7.841606100273272e-10,1.1085488360606737
High_C12_P1_05,C12,High,23.29,0.0002783643070048722,3.860638804699049e-05,0.053550110415349295,0.05466269658885539,0.05415473661204529,2.534266672136582e-06,2.6699952590974597e-06,1.6870389135105412e-06,1.8682785960142808e-06,0.5304378419815877,0.8884384491481782,0.9390988101333657,0.9945837089287145,0.00493196023156408,8.5e-06,1.2031663882770647e-06,3.397225882788104e-06,2.4410820227997478e-06,7.990719247275317e-10,1.2648944964750863
High_C12_P1_10,C12,High,23.29,0.00027972974344699797,3.875032763231309e-05,0.05054052168043183,0.05619166082881086,0.05416680101525152,2.6013239492485575e-06,2.515213408918557e-06,1.7092757822925674e-06,1.5732633687094832e-06,0.5238927316108136,0.8665875829752696,0.9806033964573732,0.9643036940546558,0.00491593366264374,8.66e-06,1.268411516113905e-06,1.2795833518443375e-06,2.620271982448993e-06,8.658569599191584e-10,1.0591819656292494
High_C12_P2_05,C12,High,23.29,0.0002833312515126699,3.339857253611855e-05,0.05801091888545014,0.05516450569352079,0.041168558518553666,3.1544886808811875e-06,3.1099186222424438e-06,1.6369188857523568e-06,1.5357594601295527e-06,0.8513429966020551,0.9138351703710094,0.7210074885968515,0.9756389562069457,0.00491660143634875,7.06e-06,2.312874864233525e-06,4.412411449959234e-06,4.162199582111124e-06,1.0416541660495554e-09,1.060505806909255
High_C12_P2_10,C12,High,23.29,0.00028280989906963967,3.367217331954412e-05,0.060043745991333386,0.0549911458699717,0.03964796726077199,3.142249283497018e-06,3.1118924523668952e-06,1.6832289616250245e-06,1.389299435559404e-06,0.8631482387935768,0.9314378893850825,0.7231554565381612,0.9811854677386097,0.00488822105388564,7.14e-06,1.530641660420818e-06,1.0161012639686732e-06,4.587558834449363e-06,1.025458622543562e-09,1.047574828842349
High_C12_P3_05,C12,High,23.29,0.000278720040881961,3.435634708598259e-05,0.05315834848807055,0.04932186871705633,0.05105853141918351,2.1526749396161673e-06,2.221403709258967e-06,1.5810420483380314e-06,1.198414756545954e-06,0.5621127142045583,0.8059474977279173,0.8860556039571506,0.9524264326658154,0.00497135888015993,7.48e-06,1.0062540875655808e-06,3.3581318686811433e-06,2.0104887940110464e-06,6.751714321187295e-10,1.216648714767043
High_C12_P3_10,C12,High,23.29,0.000276576107389868,2.7658342993137244e-05,0.053241617730662875,0.05072631200769285,0.050086298822032645,2.199513914762059e-06,2.492884310087376e-06,1.7181846319103997e-06,1.6124371457699184e-06,0.6793957697923341,0.8254832132211036,0.8603771329255325,0.9857943999807609,0.00494965623474696,7.16e-06,1.0687687361605144e-06,3.418113306938622e-06,1.9280223830469714e-06,6.705404936415373e-10,1.4001488074868866
High_C12_P4_05,C12,High,23.29,0.00028344414560789005,2.539917275197181e-05,0.05694115160625231,0.05090788962242534,0.05661462614572014,2.46353819584814e-06,2.68314052880363e-06,1.226378982537023e-06,1.4920090421270755e-06,0.9325602085939131,0.9498836753854156,0.6764125173872838,0.941066016342606,0.0049369685343517,7.66e-06,1.1010506578905293e-06,2.8623003902441586e-06,2.8929340530737745e-06,8.68339394237762e-10,1.0825068406742995
High_C12_P4_10,C12,High,23.29,0.00028238278395866206,2.5452580749497923e-05,0.05807441847904832,0.05042198196366393,0.053429361363919424,2.5552061415299168e-06,2.6287033153801715e-06,1.2044213077108952e-06,1.3578020943685725e-06,0.9384982389223083,0.9347728483165946,0.6670671055938612,0.8491588880748798,0.00492160973913636,7.62e-06,1.3165527337526927e-06,2.657600866296831e-06,3.0641049310487665e-06,9.464911085100185e-10,1.0438668137580105
High_C12_P5_05,C12,High,23.29,0.00027889730191818724,2.0654262752127685e-05,0.0532642995802749,0.04849594870125654,0.05762347587098975,2.3631912250350455e-06,1.9080905468437852e-06,1.3021708067621719e-06,1.0216327825867787e-06,0.836233696675616,0.8309448339586964,0.8158658633897836,0.9456483211504227,0.00495800340605965,7.86e-06,4.13416937832394e-06,1.2233045961031076e-06,1.8880727767488774e-06,7.503547956155028e-10,1.2758735166097204
High_C12_P5_10,C12,High,23.29,0.0002785962141158421,2.136526784082042e-05,0.05334542281555,0.04821171453209416,0.05912653554271377,2.279148370475554e-06,1.8834168733544678e-06,1.399542736692091e-06,1.0146661990027047e-06,0.8499367141990112,0.8207904855993613,0.7843256057498953,0.96823518080659,0.00488922271444318,8.18e-06,1.6486138592513377e-06,3.7056469673083e-06,1.6541111752399112e-06,6.963776278962153e-10,1.1236014721336782
