signal_id,sample_code,scs_label,Fixed_Carbon,RMS value,P2P,Dominant Frequency 1 peak,Spectral Entropy 2,Dominant Frequency 3 peak,Absorption Proxy,Dominant Frequency 2 peak,SNR_raw,Spectral Entropy 1,Spectral Entropy 3,Spectral Bandwidth 4,Spectral Centroid,Skew Value,SNR_Processed,Spectral Entropy 4,Spectral Centroid 1,Spectral Centroid 2,Spectral Bandwidth 1
Low_C3_P1_05,C3,Low,,5.164736478170863e-05,0.0004242427846691782,0.30627871362940273,0.9422425885867229,0.8422664624808575,0.0002345484057147611,0.6891271056661561,21.85083931528295,0.88797077449345,0.9832964632432449,0.06245556935376979,6.070013013010489,0.5286311629238275,21.822856505785943,0.9873211178237677,0.3050970503449164,0.47709140426904434,0.04099493861257869
Low_C3_P1_10,C3,Low,,5.174556373457439e-05,0.00041811120596684783,0.6891271056661561,0.9069256468877211,0.30627871362940273,0.00021392037878320458,0.8422664624808575,23.51897557894608,0.906476792776942,0.9803330766686972,0.06146509989022593,6.186327164139374,0.42991891205707217,24.032152335844966,0.9863319415017185,0.30425952668212897,0.47701726080312457,0.04443998768791171
Low_C3_P2_05,C3,Low,,4.758561700587844e-05,0.0004604217828136736,1.0719754977029097,0.9780280566910722,0.7656967840735068,0.00023098054739839572,0.2679938744257274,21.012908567847926,0.9539304785750421,0.9351406439034058,0.07874435648269457,6.113292245034759,0.5312586863483139,19.09399900966748,0.8655652054668185,0.30957766818315113,0.5113313559479774,0.05039674218129099
Low_C3_P2_10,C3,Low,,4.8273826698809245e-05,0.00048176851646700256,0.2679938744257274,0.9561108587170195,0.7274119448698315,0.00025142566076796855,1.0336906584992342,23.851297435476667,0.9261309608487648,0.8709449133307169,0.07721641821164923,6.072609679476537,0.5038067354963378,21.673974979524377,0.8829417325787332,0.3043785715488732,0.5163115321295153,0.05037081403192182
Low_C3_P3_05,C3,Low,,4.7348993817194176e-05,0.0003763513171634544,0.8039816232771821,0.9618507106484989,1.0719754977029097,0.0002051154450603688,0.30627871362940273,19.69092722771847,0.937769826807481,0.9591985913383875,0.06762280646591921,6.282662828954438,0.9134779782598346,18.520746409526275,0.961204150057037,0.30784289491969874,0.5005465205947872,0.04574982615444578
Low_C3_P3_10,C3,Low,,4.4037949671138277e-05,0.0003735741278875341,0.8039816232771821,0.9898941609462184,1.0719754977029097,0.00019371482169682733,0.30627871362940273,21.144501733415023,0.9480431830133932,0.9289426433462594,0.06950765529273396,6.267581117222927,0.7700347991556721,18.00039453097533,0.9629268710989992,0.31194021061524124,0.49926201384321667,0.0464236733654294
Low_C3_P4_05,C3,Low,,4.7176246289628364e-05,0.0005037178257380619,0.8039816232771821,0.983097767748639,1.4931087289433382,0.0003047563489855922,1.0719754977029097,23.984531138525128,0.9826379446278428,0.8253275212640315,0.06534801207329533,6.119862034785621,1.910086051537511,25.271889915108154,0.9782230305510655,0.30460282773795494,0.48847130393184834,0.05034078041102625
Low_C3_P4_10,C3,Low,,4.7723582025690634e-05,0.0005173550465818614,0.8422664624808575,0.9866466420553689,0.6891271056661561,0.0003163663515314543,1.0719754977029097,24.423917581702945,0.9569182505093139,0.8464617183102215,0.0660659972918205,6.255170476359645,2.2186395036118434,25.017972801617844,0.9832543022832445,0.30338730304436273,0.5019827952027058,0.05352660321824943
Low_C3_P5_05,C3,Low,,6.075483774797254e-05,0.0005880156556879876,0.8039816232771821,0.8747071417382766,1.14854517611026,0.0003126195666877373,0.6508422664624809,23.58589778134651,0.8545965623829858,0.9820079992727483,0.06869854801145348,5.906790896995742,0.4268676896666568,22.932219716637533,0.9482078350413635,0.32864371753980093,0.4857588558451044,0.05176492631083323
Low_C3_P5_10,C3,Low,,5.819020199376235e-05,0.0005532140723701667,0.6508422664624809,0.9111263959716734,1.1102603369065849,0.0002859897551650397,0.8039816232771821,21.980939146579527,0.8954141251383227,0.9749446339059052,0.06590781668808667,5.891972039833372,0.2114525495482574,22.617888200084003,0.9424998232522992,0.32178119368989655,0.4884632733576809,0.055486579613953445
Low_C3_P6_05,C3,Low,,4.3385478252435625e-05,0.00043461477543011167,0.7656967840735068,0.9739665569827156,0.4594180704441041,0.00024312760151552564,1.225114854517611,22.295443944741212,0.9269292629868038,0.8838230973525719,0.06061515496086168,6.213849837480695,0.6860347057961073,23.628013005631434,0.9673495270701182,0.2957103945796898,0.486723853596027,0.043137325690678005
Low_C3_P6_10,C3,Low,,4.200297870902036e-05,0.00041483562773541146,0.8039816232771821,0.980915096572124,0.4594180704441041,0.00021400125028530551,1.225114854517611,23.058532475084526,0.9928369479105752,0.8459061360562066,0.06156743887832488,6.202263958167321,0.16013583729053657,22.79339346815985,0.9719854883091412,0.3001213197984353,0.4981096280682512,0.052650729203605265
Low_C4_P1_05,C4,Low,43.78,3.75606550576951e-05,0.0003186284834168626,0.30627871362940273,0.9975899607404276,0.6125574272588055,0.0001649404713514399,0.9571209800918835,22.160596719924733,0.8858145961300264,0.9319504592715546,0.05207839512182716,4.387647482241462,0.5339430031280897,16.978943315442706,0.9049110645845737,0.28796754988012124,0.4983615101585407,0.048627217322037265
Low_C4_P1_10,C4,Low,43.78,3.807189933937572e-05,0.00031428843190041373,0.22970903522205205,0.9824217827228588,0.57427258805513,0.00018650913372815004,0.9571209800918835,20.98729467177234,0.9275936221355824,0.9500590986240764,0.05359416378551708,4.483066610799297,-0.39851234509136746,19.746292002758384,0.9369420269683736,0.2883587921336983,0.5065173183778798,0.05027324085927205
Low_C4_P2_05,C4,Low,43.78,4.085618527169501e-05,0.00037550057718515933,0.8805513016845329,0.991389064132798,0.6125574272588055,0.00018877612758130268,1.14854517611026,22.013567516743922,0.9609342816755776,0.9125096222958395,0.054528134907506444,4.615883091491425,0.3517152959652735,18.2276757769165,0.9592694434229017,0.2873874682506342,0.49109152000858697,0.0513615724010864
Low_C4_P2_10,C4,Low,43.78,4.441665678081452e-05,0.0003819743138613453,0.8805513016845329,0.9649643133261405,0.22970903522205205,0.00019456887546100206,1.1102603369065849,21.416239293574215,0.9424834170666565,0.8260284895847986,0.054680109176104094,4.571381681114629,0.18894788016569153,16.684662748699076,0.960257970885936,0.28397412007737677,0.494739969608294,0.050397893664951225
Low_C4_P3_05,C4,Low,43.78,4.250145024068558e-05,0.00029362189452417846,0.30627871362940273,0.9891614430853295,0.9188361408882082,0.00015442353056018985,0.6508422664624809,20.784129409053634,0.8040183191354615,0.8513302240863078,0.05982493135903106,4.555391187100295,0.3215901104927501,14.599463048891552,0.9867277669331999,0.27872413449516187,0.49342737411902027,0.03885631798519438
Low_C4_P3_10,C4,Low,43.78,3.559347271179252e-05,0.0002966074667999486,0.30627871362940273,0.9958124612233847,0.9188361408882082,0.00016604321601730351,0.6508422664624809,22.134044544114957,0.9172212228162608,0.8551287741744377,0.059954254720927455,4.587292644781195,-0.22262405947902095,17.859440904115225,0.9870114561473441,0.2868439901802833,0.49289625057745046,0.04677635650183632
Low_C4_P4_05,C4,Low,43.78,3.5277151879869515e-05,0.00036687084413026736,0.5359877488514548,0.9675406675735869,1.2633996937212861,0.00022319598502145772,1.0336906584992342,24.002737138041756,0.9872742039214742,0.9590686951142642,0.07592518930336764,4.387392880148027,1.7639030481281779,24.642052293005033,0.895531110415101,0.30416060544223056,0.5083177957304249,0.056240250925129145
Low_C4_P4_10,C4,Low,43.78,3.863587661659696e-05,0.0003622651803256361,0.57427258805513,0.958993401378681,0.1914241960183767,0.00019731762468271045,1.0719754977029097,22.9105841668814,0.9731564117081345,0.947349835557036,0.07925581236077822,4.417199017546538,0.5559087597482427,19.14940417260157,0.8727255453581994,0.3075100909788616,0.5151681651947189,0.05845064246694333
Low_C4_P5_05,C4,Low,43.78,4.3167164807953257e-05,0.0003229283314831049,0.6508422664624809,0.9444425231002961,0.8805513016845329,0.0001626285714218691,1.14854517611026,19.3960800099363,0.8543817901526263,0.9505222981432787,0.05781293829601483,4.511399715348778,0.3893089744277159,15.382893972068896,0.9686917291732554,0.2845889334693334,0.5054671834839787,0.05261305683913254
Low_C4_P5_10,C4,Low,43.78,4.62293904049514e-05,0.0003632946175142176,0.6508422664624809,0.9574725160931071,0.8805513016845329,0.00018973683414439828,1.14854517611026,20.709318594897553,0.8735788919947025,0.928166958642744,0.06063710440008956,4.530668873848661,0.47147157227057707,15.07701570274679,0.9767937891650809,0.2840411346381158,0.5038572069830415,0.050497531716721
Low_C13_P1_05,C13,Low,40.61,5.833928662912228e-05,0.00032034452961200125,0.3828483920367534,0.9134428419480503,1.5313935681470137,0.00016727534518797796,0.1914241960183767,21.054659146861464,0.8870823394033215,0.9252411872129224,0.0669614996112898,5.359276133419404,0.03067327599350129,22.230604724013148,0.9751167257595275,0.3220631775116087,0.48486491085327754,0.05576927328565569
Low_C13_P1_10,C13,Low,40.61,5.602838599175014e-05,0.0003166559585480759,0.49770290964777947,0.9076808229237925,1.684532924961715,0.00016140218755307666,0.15313935681470137,20.133080446956427,0.8557469164816219,0.909586889560745,0.06989979016732273,5.303496473432188,-0.18961057760981023,21.730316572126377,0.9833005273552814,0.3236233084072938,0.48450593250573254,0.05447630213214688
Low_C13_P2_05,C13,Low,40.61,4.864974014163856e-05,0.0003113737496887583,0.34456355283307805,0.9800539817609305,2.3736600306278715,0.00016505087250019975,0.57427258805513,20.05844718446052,0.9354930210422108,0.9978271694905034,0.06457432684046893,5.291071226313433,0.4968359437571536,19.907350016345983,0.9944578013066239,0.3227731089143231,0.4973623717440893,0.04923388940997886
Low_C13_P2_10,C13,Low,40.61,5.0751151429401566e-05,0.0003056376207589196,0.4594180704441041,0.9712031211072765,2.4119448698315464,0.00017006333125636403,0.2679938744257274,20.468747870596466,0.9460427566426913,0.9980372843053757,0.06597983171495247,5.284977849955333,0.6566972810108169,17.92776263746835,0.9885762081155688,0.3200236122799377,0.494237419123027,0.04734473101430682
Low_C13_P3_05,C13,Low,40.61,7.304801431022978e-05,0.0005623160721719327,0.3828483920367534,0.9635721552379075,0.6508422664624809,0.0003077253138087842,0.22970903522205205,23.78602060449074,0.9241634211383951,0.8828099006906635,0.06743516830579221,5.162878808242473,0.6598699361657677,24.402423822275292,0.9843053434700836,0.32056148705010407,0.4852705190956313,0.05840428730922569
Low_C13_P3_10,C13,Low,40.61,7.393688112836749e-05,0.0005364198032625498,0.3828483920367534,0.9524348031385901,0.22970903522205205,0.00029530777191156247,0.5359877488514548,23.308736438753286,0.9182384605637403,0.9107974875016828,0.06934896376796623,5.091513214277977,0.591804481935707,21.346905017522456,0.9805995204751204,0.3200518135234934,0.4822509422272136,0.058933407152467254
Low_C13_P4_05,C13,Low,40.61,5.1709120013734386e-05,0.0003619709867203182,0.49770290964777947,0.8941900006873064,0.6508422664624809,0.00021686029409154862,0.2679938744257274,20.805083949292566,0.943432248775776,0.9758311814538334,0.06515245210517893,5.3486275625458255,0.9599805589078123,22.565382635298707,0.9945552334434427,0.31812697466591283,0.48882773216629444,0.05689001445881086
Low_C13_P4_10,C13,Low,40.61,4.961084261391898e-05,0.0003657279978863127,0.49770290964777947,0.913028747826845,0.2679938744257274,0.00021309336875564153,0.6508422664624809,20.01461380589245,0.9489462747253192,0.9775327856289878,0.06871075613227495,5.3862972938548905,0.8200397930991917,25.60783588789406,0.9905008834412137,0.3214669448728064,0.4903582281111028,0.05759345064892963
Low_C13_P5_05,C13,Low,40.61,5.113899707017744e-05,0.0003434622740742428,0.49770290964777947,0.9632160725514975,0.22970903522205205,0.00019092693130177177,1.684532924961715,19.774937452880067,0.9710041804815499,0.9301025881486348,0.06341377228994682,5.297964095003971,0.8217644643159151,25.33101870812605,0.9707252274143243,0.31034142374681684,0.49224294825850073,0.060042595677127455
Low_C13_P5_10,C13,Low,40.61,5.0371885959253256e-05,0.0003583827830316054,0.3828483920367534,0.9568940710631415,1.914241960183767,0.00020741518059891085,1.6079632465543643,20.44152678164114,0.9705949106773296,0.9161882393429294,0.062188909064182646,5.367678080343695,1.0099232316911633,22.266936247190642,0.9624469023202846,0.31577349500561985,0.4894662888580773,0.059034702613301036
Low_C14_P1_05,C14,Low,46.52,5.9254074783519525e-05,0.00040490738238011794,0.49770290964777947,0.9212745877949543,1.454823889739663,0.0002145364081159588,0.22970903522205205,21.21305434322398,0.9633285516885269,0.9240062059856162,0.06310405946403913,5.119775756036738,0.5660812527803903,25.306462722211343,0.9858970596572788,0.3100550466031156,0.4926312757756024,0.06029368336162599
Low_C14_P1_10,C14,Low,46.52,6.313163623770235e-05,0.0003766103963787917,0.3828483920367534,0.9378196832823233,1.339969372128637,0.00020724709762460675,0.22970903522205205,20.46757688792914,0.9571241869898541,0.9142062785793487,0.0610895772932113,5.203764653589951,0.6926173419176719,24.506884256117285,0.9811504831761605,0.30619719304498655,0.4892923365573773,0.05991801685899921
Low_C14_P2_05,C14,Low,46.52,5.088093210083008e-05,0.00035220958732090857,0.22970903522205205,0.8974425730953189,1.6462480857580397,0.000183133964127626,0.3828483920367534,19.452945300303956,0.8422142202921533,0.9505351275704403,0.06346980161368863,5.268978522537248,0.5161816471891146,22.51245396405849,0.9917025942948955,0.30100112363722287,0.48955497809723364,0.06652900779101616
Low_C14_P2_10,C14,Low,46.52,5.281872965689298e-05,0.00035758800721462174,0.22970903522205205,0.9351751510619812,1.2633996937212861,0.00020775741776410083,0.3828483920367534,19.220572090566655,0.8704103635976335,0.9247063293971276,0.06556157539248934,5.2916158536844105,0.9938375207085259,20.226582237696157,0.9901750763278051,0.2980578071781462,0.49245407783023026,0.06472129467608528
Low_C14_P3_05,C14,Low,46.52,5.225616871932284e-05,0.00035046547003490206,0.3828483920367534,0.8941838664492393,1.4931087289433382,0.0001879094969508306,0.22970903522205205,19.048281469957537,0.9440613203903452,0.9556390662191719,0.06468606816599941,5.248804910755337,0.5643426419555733,22.34414019365804,0.9861730440312285,0.31338234621060584,0.5022785958558016,0.06089051070531884
Low_C14_P3_10,C14,Low,46.52,5.163749870639927e-05,0.00033378863541876644,0.3828483920367534,0.845219639583313,1.3782542113323122,0.000170548209285471,1.569678407350689,20.961077101012418,0.9341067112103865,0.9485213905983877,0.06536334141340096,5.231936735890735,0.4047616498497654,25.56648964590519,0.9878332287157271,0.3100471231783604,0.4950092343708162,0.060734110370053385
Low_C14_P4_05,C14,Low,46.52,6.0826758453454274e-05,0.00041017433707832713,0.4594180704441041,0.9593807539377188,1.5313935681470137,0.00023473172318420134,0.22970903522205205,20.93570186928172,0.9491797605299521,0.8908610794275789,0.06225507773949061,5.207082629498305,0.9037348440793858,25.610274765306972,0.9827844475039689,0.30974355538734893,0.49205965449012395,0.05895147368895762
Low_C14_P4_10,C14,Low,46.52,6.0308001981015815e-05,0.00042791502864955285,0.4594180704441041,0.9495666543295692,1.339969372128637,0.00026765972531958164,1.4931087289433382,22.330597811264102,0.9455223704172915,0.9151799633577736,0.0668596077617189,5.1088828928985,1.3757301058533014,29.83056986560673,0.992316660652653,0.3125986900996151,0.49139438445113276,0.05770507781243244
Low_C14_P5_05,C14,Low,46.52,5.1785172604749286e-05,0.00033273630636956777,0.3828483920367534,0.9300377330473517,1.6462480857580397,0.00017185384457444746,0.22970903522205205,20.562964259248698,0.979239415071526,0.9706834355070421,0.06760309943450683,5.200712154764624,0.5613611993325559,24.67684566895344,0.9914013037803198,0.3110512667203505,0.49594670814915953,0.05920283236692436
Low_C14_P5_10,C14,Low,46.52,5.179622624402256e-05,0.0003271997744341956,0.3828483920367534,0.8936305068213904,1.5313935681470137,0.00016740025797673026,0.22970903522205205,20.299766579976023,0.9795523903661206,0.9798546191034914,0.06494386447754914,5.187334008206272,0.37153131041255294,25.637092963931924,0.9906222064088934,0.31251691135494347,0.49030745266577563,0.05883687321804307
Low_C14_P6_05,C14,Low,46.52,5.306984765379552e-05,0.000364244749979992,0.34456355283307805,0.8949564413919456,0.57427258805513,0.0001895014098107943,1.5313935681470137,19.875569831035595,0.9379233991730387,0.9874935129776711,0.06606905996480467,5.05836313985312,0.8012385289402352,23.62335326747499,0.9922322750642185,0.312407366270267,0.5003878739884141,0.05792252936506422
Low_C14_P6_10,C14,Low,46.52,5.550623808815235e-05,0.00040742223287462806,0.34456355283307805,0.8925211812495152,1.4165390505359876,0.00023223980098778526,1.569678407350689,20.098875222867182,0.9451239629003334,0.9797403954696997,0.06657915144363724,5.009714320068267,1.5233074623820253,26.740197283105914,0.9918466097312499,0.3120130365040596,0.4979321140250332,0.057580703015252956
Low_C14_P7_05,C14,Low,46.52,4.854204866411404e-05,0.00029158471572256737,0.3828483920367534,0.9752369376290625,0.6125574272588055,0.0001530288086682124,0.22970903522205205,19.71433996738537,0.9294062913189717,0.9769838903609633,0.06616184370332748,5.247792883759542,0.3390901596751113,22.00300042839199,0.9964996860057905,0.3084624426853163,0.49724855922265365,0.0612823178007921
Low_C14_P7_10,C14,Low,46.52,4.5882521208473135e-05,0.0003184249605235476,0.49770290964777947,0.9697223178990935,1.4165390505359876,0.00016019753421712827,0.22970903522205205,18.165491532564644,0.9270693359808888,0.9793647726122374,0.06767872850783303,5.223002021617303,0.3814119289266554,20.81146029929565,0.9938427891483339,0.30951661465467417,0.49976459244621696,0.06087029669546442
Moderate_C6_P1_01,C6,Moderate,42.8,6.836185185947823e-05,0.0005188953151376881,0.4594180704441041,0.9788121978325909,1.339969372128637,0.0003399946590125811,0.30627871362940273,25.26485103879526,0.9114254080870015,0.9764251788919137,0.06910727583667747,4.408711686991414,1.8368717318368049,27.778332315117904,0.9335901083936141,0.32099060965928355,0.4863463302966791,0.041945033910416936
Moderate_C6_P1_02,C6,Moderate,42.8,6.660593959392376e-05,0.0005055211546621888,0.4594180704441041,0.9803663225641155,1.339969372128637,0.0003119973246558763,0.30627871362940273,26.104179644223557,0.922059616245783,0.967099151062549,0.06368694821706199,4.482480279655563,1.3394563969049287,29.864730218904242,0.9535602613097981,0.31516967791222067,0.48597674545875197,0.04347531859965384
Moderate_C6_P1_03,C6,Moderate,42.8,6.417145014107218e-05,0.0004862265335917866,0.4594180704441041,0.974167370594724,1.3782542113323122,0.00029307352193404696,0.7656967840735068,24.471567983647446,0.8559791827823895,0.9851155310523683,0.06591009273247565,4.452171775213906,1.3421829843909343,23.953652187494065,0.9272259409726356,0.3234941999094357,0.4854555781670159,0.03758990481969963
Moderate_C6_P1_04,C6,Moderate,42.8,6.366028860948726e-05,0.0004936640356553608,0.4594180704441041,0.9721553390270331,0.6125574272588055,0.0003206765638573475,0.30627871362940273,25.883629489229353,0.8992118307123184,0.9681392655049902,0.07038305140407054,4.558353699022816,1.704565474048807,27.20139161162546,0.9580777156551238,0.3196337379027779,0.48297619979135936,0.04077227914669689
Moderate_C6_P1_05,C6,Moderate,42.8,6.649511666072312e-05,0.0004818729037495508,0.4594180704441041,0.9766188073650144,0.15313935681470137,0.00031574335218245773,0.30627871362940273,25.11375212317575,0.9516593561884791,0.9768265752371253,0.07064407052673476,4.475126484315591,1.5303703785289478,27.219154888467386,0.9584065244657588,0.3169238594737511,0.48485116718259774,0.046179932102559426
Moderate_C6_P1_06,C6,Moderate,42.8,6.350242337318166e-05,0.0005138448207380529,0.4594180704441041,0.9835619724505172,1.339969372128637,0.0003217821569496606,0.8039816232771821,27.39054104255173,0.9221616091771435,0.9724149583058169,0.06604122951003866,4.42926323276776,1.539027615112964,30.9130473609224,0.9055292833469404,0.31806772961984275,0.4870951154629172,0.04249043898345646
Moderate_C6_P1_07,C6,Moderate,42.8,6.344801976381223e-05,0.00048650675930306237,0.4594180704441041,0.9785902196673867,1.339969372128637,0.0003032029320441701,0.30627871362940273,24.734518744721747,0.8991860673700128,0.9808641533185511,0.06784111706866662,4.447880884818325,1.2504374348520433,26.71832200239093,0.9580821121119919,0.3187238233818108,0.4867433867451369,0.040482500543851344
Moderate_C6_P1_08,C6,Moderate,42.8,6.37777132407898e-05,0.0004965998177101184,0.4594180704441041,0.9770888623476884,1.3782542113323122,0.00033545779547809295,0.30627871362940273,26.028670353002383,0.9289372721095551,0.9481396555033152,0.0656748368233195,4.4805455575855895,1.722028303751256,28.924138918983424,0.940663690603848,0.31733792810720834,0.48508609567224487,0.043897409214723127
Moderate_C6_P1_09,C6,Moderate,42.8,6.420000223924658e-05,0.0004838873288612671,0.4594180704441041,0.9723621770834843,0.7656967840735068,0.00031967734676646687,0.30627871362940273,25.646526198528584,0.9080724116757741,0.9674678521835426,0.06798917236043843,4.447710626026176,1.7987871327254503,26.57361562068327,0.9548363836837892,0.31873732198972243,0.48384385166883553,0.04198659976025632
Moderate_C6_P1_10,C6,Moderate,42.8,6.35130308013004e-05,0.0005120801286468699,0.4594180704441041,0.9706109023813547,1.3016845329249618,0.00032474952266754975,0.30627871362940273,25.90649727007161,0.8916793555342104,0.9579400290764546,0.06550412120570319,4.428264777985703,1.6013100122195243,26.885170220517352,0.9229991357990518,0.3213049279052993,0.482586965150965,0.040101828038935666
Moderate_C6_P2_01,C6,Moderate,42.8,4.4396820476352576e-05,0.00041189562279281505,0.7274119448698315,0.9591392502564302,0.1914241960183767,0.00025779008751154996,0.9571209800918835,25.30129023204488,0.916718849603077,0.9687849520165354,0.06036015943287302,4.379856569771632,1.7479416637589091,26.154267996132354,0.8876307971349842,0.2858338275765936,0.5110002645022851,0.04323109862642495
Moderate_C6_P2_02,C6,Moderate,42.8,4.5357724385998864e-05,0.0004244701638258877,0.7274119448698315,0.9630816447828963,0.9571209800918835,0.00026491961874429686,0.1914241960183767,24.33600830628373,0.9100263694050378,0.9647227453577883,0.06502988704812498,4.364392957115096,1.6281356999943395,23.73227586651376,0.9025433736041935,0.28134865584034835,0.5066576940222892,0.04933039290520021
Moderate_C6_P2_03,C6,Moderate,42.8,4.5419212294274994e-05,0.0004171868179019212,0.7274119448698315,0.9346500370793924,0.9571209800918835,0.00024115973860715467,0.1914241960183767,24.957233306060647,0.8193148892398481,0.9589095967760916,0.06314162835177037,4.397293042617125,1.1932037657847685,26.444697653681658,0.9041534340938819,0.27029722205356943,0.5168924058434937,0.04156535241965463
Moderate_C6_P2_04,C6,Moderate,42.8,4.5868721179813325e-05,0.0004147611633484613,0.7274119448698315,0.9398232002827686,0.9571209800918835,0.0002523786299380339,0.1914241960183767,23.255756475683683,0.8299836356062678,0.9536363958131494,0.0626741891657524,4.355577536000927,1.5546236418852268,22.33565769780045,0.9105696583981551,0.278110964820828,0.5112792883934406,0.05922852952632032
Moderate_C6_P2_05,C6,Moderate,42.8,4.315793987814701e-05,0.0004081114370915707,0.7274119448698315,0.9425714692013009,0.15313935681470137,0.0002508287752066004,0.9571209800918835,24.449746900654898,0.8866483485725273,0.9546934523427474,0.06000367871697661,4.464143340921539,1.568511381877912,24.767785646532285,0.9194828058603248,0.28633995898708114,0.5146564209407963,0.046876714074162176
Moderate_C6_P2_06,C6,Moderate,42.8,4.146451493678027e-05,0.0004002447111261199,0.7274119448698315,0.9461824011508194,0.1914241960183767,0.00023912574551234446,0.9571209800918835,23.82897683377039,0.8385443950516428,0.9706721447119164,0.06289779569462163,4.379643535551557,1.2078546763232147,27.717733335027223,0.9026776003479693,0.2732266179564865,0.5104123350027437,0.04516346420544936
Moderate_C6_P2_07,C6,Moderate,42.8,4.5035279736140256e-05,0.0004038440372368515,0.7274119448698315,0.971886523702094,0.9571209800918835,0.00023441231814251977,0.1914241960183767,22.780284126589105,0.914313206461841,0.9672564732433782,0.061998748159772604,4.3959001496096715,1.2593215149362764,24.203576793149573,0.9114307040854629,0.281308804847276,0.5048410110205716,0.04818768916552055
Moderate_C6_P2_08,C6,Moderate,42.8,4.484713627012515e-05,0.0004267495507885618,0.7274119448698315,0.9404715927455375,0.1914241960183767,0.0002500619840685553,0.9571209800918835,23.31863348057805,0.8959514457789007,0.9793086353922745,0.06536526034870886,4.379366630464664,1.230625327136485,25.167076298245735,0.9100164950440585,0.2801046212475569,0.5091108738118395,0.05344426151650416
Moderate_C6_P2_09,C6,Moderate,42.8,4.2907045727798956e-05,0.00041435458940637833,0.7274119448698315,0.9456364888236124,0.15313935681470137,0.00025088660905379527,0.9571209800918835,25.514578658592775,0.8812053643312351,0.940414170252454,0.0627370292206258,4.343017339322841,1.535365432233628,25.98294106993881,0.9190799729476516,0.27879773774749145,0.5105868009071819,0.04463953778899315
Moderate_C6_P2_10,C6,Moderate,42.8,4.289944410767665e-05,0.00042709862520618754,0.7274119448698315,0.9543212124558733,0.1914241960183767,0.0002555318007457558,0.9571209800918835,24.898061473903127,0.936930680909464,0.9621569127025482,0.06283879509452803,4.365103729257069,1.7036667133345627,24.772787384781093,0.9170487825576868,0.283372638367189,0.5137119444699161,0.049278307020208426
Moderate_C6_P3_01,C6,Moderate,42.8,3.629411246048653e-05,0.0003318069296540753,0.8805513016845329,0.9908829076974105,1.14854517611026,0.0001940303714935741,0.22970903522205205,23.434695120896286,0.8710544999648446,0.8300689073785503,0.050128941396730874,4.304211735976635,1.2855823038703058,21.206136205245944,0.927695562311983,0.28769185992988594,0.5020918476493438,0.052704396530217135
Moderate_C6_P3_02,C6,Moderate,42.8,3.6479823092823636e-05,0.0003333096382517433,0.8805513016845329,0.9693990806256478,0.22970903522205205,0.00020726350072587673,1.14854517611026,23.9342594209413,0.9300453264599795,0.8351362386446363,0.05067243268319469,4.396963672932823,1.5698021952793764,27.235417564918457,0.9321631580476234,0.28483935904980745,0.4914437879591423,0.04976786364310999
Moderate_C6_P3_03,C6,Moderate,42.8,3.7350768461558316e-05,0.00035446477154872386,0.22970903522205205,0.9675432939469573,0.6508422664624809,0.00020908996402895432,0.8805513016845329,23.22722005361458,0.8477134625465962,0.8184931938087673,0.05102173110804253,4.385702017388438,1.2161218191989462,27.929125154178717,0.9354263223000168,0.2774694486161905,0.4989140622970995,0.0505277830557343
Moderate_C6_P3_04,C6,Moderate,42.8,3.850139341442964e-05,0.0003736053050993129,0.22970903522205205,0.9828569155004295,1.14854517611026,0.00022187254079550375,0.8805513016845329,23.451037641879754,0.8505245424086626,0.8725437552472283,0.04991022149418639,4.337884253519712,1.184617484315807,25.78826685934354,0.9250920652510989,0.2759248013356889,0.49683155374355664,0.046630357995868024
Moderate_C6_P3_05,C6,Moderate,42.8,3.720540803990474e-05,0.00033534852745933594,0.8805513016845329,0.9807934389716507,1.14854517611026,0.00018036049501156048,0.22970903522205205,22.61742767729812,0.8855201949669673,0.8151863480536942,0.05029928499412765,4.258721167051861,0.3805147452473121,25.546281211692346,0.9259595800577559,0.28706290045932703,0.4917102757774868,0.054543861003712675
Moderate_C6_P3_06,C6,Moderate,42.8,3.7930757880058886e-05,0.00034293681010284967,0.8805513016845329,0.9778657780061475,0.6508422664624809,0.0002055838090228178,1.14854517611026,23.926025340916503,0.9001924872873877,0.8486028560852328,0.05167993220890378,4.304757913708434,1.407654333656911,21.388990435541793,0.9398749666145698,0.2908553789536622,0.49930204658039573,0.05414083940964161
Moderate_C6_P3_07,C6,Moderate,42.8,3.632053365211662e-05,0.00033662874757701424,0.8805513016845329,0.9273143510498445,0.30627871362940273,0.00018523949501186764,1.14854517611026,22.707009998541693,0.9338782405843221,0.8790369487395333,0.050048902947933356,4.256850566061672,0.7548592297993477,26.145713787364283,0.9252852607220912,0.28869464638127135,0.4949850289462367,0.05001445551867143
Moderate_C6_P3_08,C6,Moderate,42.8,3.60030223685953e-05,0.000334901843235515,0.8805513016845329,0.9543874287657982,1.14854517611026,0.00019124905972515993,0.22970903522205205,22.479456204745503,0.9264773909162785,0.7663125575883251,0.05129967409266797,4.2844451228120475,1.0240697106629326,23.927346505038418,0.9374151481647902,0.2898018693724812,0.4980080736180447,0.052667594286414626
Moderate_C6_P3_09,C6,Moderate,42.8,3.841432494153216e-05,0.0003688965353387016,0.8805513016845329,0.9824442836794215,1.14854517611026,0.0002041392416728242,0.22970903522205205,23.144316192901464,0.8772654132900364,0.821143240427986,0.05230090604555828,4.311572297810371,0.9829482374255113,25.661369023771627,0.9441234091709115,0.27935058335365753,0.4927765276869653,0.051154512795570296
Moderate_C6_P3_10,C6,Moderate,42.8,3.670692387110511e-05,0.00034288028376419036,0.9188361408882082,0.9463911227730959,0.22970903522205205,0.00020983814260008783,1.14854517611026,24.17736717122887,0.8111414468503468,0.8358190234952028,0.04857365879312334,4.3090917474594175,1.4629888754947007,25.66591226384976,0.9085931465018944,0.2772078085588682,0.4930398285699417,0.046813811347224406
Moderate_C6_P4_01,C6,Moderate,42.8,4.2311870538758696e-05,0.00041039178839104176,0.6125574272588055,0.9737823433941969,1.0719754977029097,0.00022794391360438115,0.8039816232771821,24.96236332346902,0.9057507047581455,0.9463930644183782,0.061017178405654286,4.272472617929335,0.9348268102820938,25.5598405891875,0.9469262426475532,0.2880964193518613,0.5113832642176415,0.045391052082255974
Moderate_C6_P4_05,C6,Moderate,42.8,3.931925976925849e-05,0.00039915350417758956,0.6125574272588055,0.9490196400785904,1.0719754977029097,0.0002280647738684922,0.8039816232771821,24.81522078138482,0.9481072281417832,0.9434060285946322,0.06190766290835576,4.385079243416563,1.3437974227964518,27.01946749409119,0.9497483960490465,0.2858333300002008,0.5153904116119071,0.048176117711932226
Moderate_C6_P4_10,C6,Moderate,42.8,4.128271412449809e-05,0.0003887136350513544,0.6125574272588055,0.9690754532592865,0.8039816232771821,0.00020968053633818096,1.0719754977029097,23.460398915568625,0.9425251691604649,0.9323668379510743,0.06222413056989735,4.266419887917739,0.6199161384332411,22.309610628686983,0.9524151165167443,0.2851951422793035,0.5104747748247958,0.04974716031176149
Moderate_C6_P5_01,C6,Moderate,42.8,4.4361780538532555e-05,0.00039428861799845473,0.9188361408882082,0.9103632814021998,1.1868300153139357,0.00020516491682351937,0.22970903522205205,24.03173426068232,0.7561782160324949,0.8892830247674632,0.04890099893093918,4.280688493473221,0.4406111018188846,22.62326721206389,0.9028868371215545,0.26955076983610493,0.5001146800323858,0.04406961478566035
Moderate_C6_P5_02,C6,Moderate,42.8,4.0758141800817526e-05,0.00038132783378440186,0.9188361408882082,0.9548567624916763,1.1868300153139357,0.00019601318325099837,0.30627871362940273,22.88533512123806,0.8812012616511711,0.882824323075312,0.05067493171199254,4.277526637029918,0.5345227943446466,21.59184689537275,0.9188528005111488,0.28711246860808204,0.4951028674112393,0.04627270686687566
Moderate_C6_P5_03,C6,Moderate,42.8,4.280472578925368e-05,0.00039420628809039494,0.9188361408882082,0.9367155359021906,1.1868300153139357,0.00021312453455476908,0.22970903522205205,24.902024455737294,0.8885927573613616,0.866366924304932,0.0492605279929373,4.3067495513242005,0.903927785830325,21.63873930616521,0.9082723155295802,0.27900986391069316,0.5006903933984923,0.04977496746120612
Moderate_C6_P5_04,C6,Moderate,42.8,4.23088489878843e-05,0.00039563702281658294,0.22970903522205205,0.9805539823067172,1.1868300153139357,0.00019813374753822907,0.9188361408882082,24.3888083966121,0.8210409658084977,0.7982183109744582,0.048735794701428574,4.2934543569957615,0.5701970928586915,25.838861524003104,0.9006018000642644,0.27306447477697116,0.49387754479339757,0.043778981897068414
Moderate_C6_P5_05,C6,Moderate,42.8,4.291399017062976e-05,0.0003905112064706938,0.9188361408882082,0.9585168243395186,1.1868300153139357,0.00019851728122022302,0.22970903522205205,23.528502059349425,0.8677386826664529,0.8867358711279668,0.04956405662326879,4.296549806075282,0.5623360544902015,21.988433493571442,0.9116554753954258,0.2807222107889857,0.5010663156963272,0.050434702287493305
Moderate_C6_P5_09,C6,Moderate,42.8,4.328746156882263e-05,0.00038673459910498363,0.9188361408882082,0.9285510636481406,1.1868300153139357,0.0002077200768934875,0.22970903522205205,23.654851225063553,0.8634959499320083,0.7743159262212785,0.04867761238160595,4.293431192812187,0.7299161878553581,23.332622693124282,0.9046013524499026,0.274824592326903,0.4976941393641983,0.04379147229180797
Moderate_C6_P5_10,C6,Moderate,42.8,4.3728941944780576e-05,0.00041710606971225766,0.9188361408882082,0.9482459554343992,1.1868300153139357,0.0002159473885657919,0.22970903522205205,23.460933471571344,0.7705912788712113,0.8313055935855389,0.049348114059835954,4.220504243315221,0.5986987020411003,21.607322026086223,0.9100970735133393,0.26944575373744656,0.4959700700497047,0.040299938640814485
Moderate_C7_P1_05,C7,Moderate,8.84,4.775259750177996e-05,0.00037006163580667357,0.8039816232771821,0.9541404569979762,1.0336906584992342,0.00020022584003179816,0.1914241960183767,23.982112535372536,0.963112047650337,0.9402927697166608,0.06422843519692069,5.791846345893541,0.9207501505691584,21.668330825192594,0.9086669290622696,0.2971335876687952,0.4973133115299262,0.052820057126684285
Moderate_C7_P1_10,C7,Moderate,8.84,4.3715400808942274e-05,0.0003491834546508304,0.8039816232771821,0.8565287966892869,1.0336906584992342,0.00018447641129584112,0.1914241960183767,22.082636048795422,0.9915949283584942,0.9260067186913334,0.06287931831770209,5.735045499678297,0.450026952008432,19.48908333850767,0.8968061881563826,0.30514984074552665,0.48597784472071986,0.05566491052965568
Moderate_C7_P2_05,C7,Moderate,8.84,4.4127254605802966e-05,0.0003419840290681041,0.8422664624808575,0.8815618158369759,0.6125574272588055,0.00018141859584610187,0.22970903522205205,21.347526731790026,0.8596603084393364,0.9084021068218371,0.04685153344081716,5.621742794477191,0.23303824756519936,18.24622729279524,0.8594478023947173,0.29589949271142996,0.4805771239971856,0.06424322203958181
Moderate_C7_P2_10,C7,Moderate,8.84,4.494440794021463e-05,0.00033496736993931305,0.22970903522205205,0.9430985303109212,1.0719754977029097,0.00019197529173408797,0.8422664624808575,20.16965548398657,0.8953368283777906,0.961905053896416,0.047889051571322845,5.678349120348683,0.05380925768928218,15.636014683389,0.8712839740087104,0.28361603681835323,0.4858783031883236,0.05653996693723803
Moderate_C7_P3_05,C7,Moderate,8.84,5.090088761848136e-05,0.0004767761164710867,0.8805513016845329,0.9935155601072512,0.22970903522205205,0.00027535548970731227,0.6508422664624809,24.183583919896297,0.8332915993902151,0.9268023748033023,0.053544627220048484,5.471321339452091,0.8971570937898561,21.538085824144964,0.9485322685502959,0.27836353325386365,0.4973508952429079,0.04590713900841863
Moderate_C7_P3_10,C7,Moderate,8.84,5.115429625840543e-05,0.0004772198769078527,0.8805513016845329,0.993224898975419,0.22970903522205205,0.00027150308748144107,0.6508422664624809,23.865142301216757,0.8648914712420561,0.9379670362751257,0.05243796916789732,5.474533591153103,0.8958948505634934,21.693991312979925,0.9411487572194637,0.27341885639751273,0.5000117007927002,0.046519919743968546
Moderate_C7_P4_05,C7,Moderate,8.84,3.864296006252587e-05,0.0003375256433453433,0.1914241960183767,0.9439582343156971,0.6125574272588055,0.00017054598061193034,0.8422664624808575,21.969841827053493,0.9204775564276414,0.9846072006178626,0.05531992202809404,5.537543165710678,0.5321104405901131,24.12360942451301,0.8907658399179507,0.2883032988896132,0.5121207429661176,0.043857547941477594
Moderate_C7_P4_10,C7,Moderate,8.84,3.8311319443236206e-05,0.00035466386757908547,0.2679938744257274,0.9322581881067391,0.7656967840735068,0.00018959409340795012,0.6125574272588055,22.922125692751703,0.8719912344367763,0.9818959655111692,0.06085205672444941,5.478114852749433,0.9708254572889403,18.81271622550241,0.8807982114037157,0.2887322871683587,0.5164518203353993,0.039271273586456774
Moderate_C7_P5_05,C7,Moderate,8.84,4.596971912164672e-05,0.00033087175427177205,0.22970903522205205,0.9141895779040984,0.6508422664624809,0.00018451715970063342,0.8805513016845329,20.903059439119932,0.9733675263884933,0.9821157474140078,0.05707547825414726,5.582178584950044,0.03491824042851348,19.95306812265654,0.9711794910832932,0.298852485455665,0.4942588737522422,0.0579993209538092
Moderate_C7_P5_10,C7,Moderate,8.84,4.38246653835468e-05,0.0003154166447541574,0.22970903522205205,0.949760524976281,1.1868300153139357,0.00016429474716875929,0.9188361408882082,21.40816181465775,0.9030937874732581,0.97579414043255,0.05714599859257255,5.437170062580392,0.43013649654011604,17.84149271361047,0.9699750742964294,0.28722997336444905,0.49656201482915646,0.055970902015917604
Moderate_C7_P6_05,C7,Moderate,8.84,3.753988765748384e-05,0.00029284612040329723,0.1914241960183767,0.9408408209044286,0.34456355283307805,0.00014711657375473272,0.8039816232771821,21.326562870011166,0.9785640335221975,0.9344276859067391,0.06444682583736785,5.250588073142387,0.49619067578778225,16.581262068715418,0.8588278564979984,0.3061021627230186,0.5000078229173343,0.051106855204142695
Moderate_C7_P6_10,C7,Moderate,8.84,3.788468828982964e-05,0.00029388063801622573,0.1914241960183767,0.9774981442656436,1.0719754977029097,0.00017191676636820684,0.8039816232771821,20.508690355457926,0.969251326054269,0.95066586211046,0.0639569361691818,5.436080963837326,0.0022944899477070737,19.156891328050364,0.8539800363919096,0.2936924721297383,0.5049659627778867,0.05125295454303366
Moderate_C15_P1_03,C15,Moderate,67.43,0.00013927628913725223,0.0005949858814362612,0.1914241960183767,0.9874487108294882,1.684532924961715,0.0003295384993355377,0.3828483920367534,9.48709628281313,0.8474867591841991,0.9929751419899537,0.06516725753678564,4.629952853082888,0.47313710450468516,6.420927439247803,0.9916167482573803,0.30122619322082445,0.4885439395600244,0.05032227797083146
Moderate_C15_P1_05,C15,Moderate,67.43,0.00013309934604117458,0.000587026414879217,0.1914241960183767,0.9762658929163139,1.7611026033690658,0.00030993469107055293,0.3828483920367534,10.218485014542612,0.8171048885582628,0.9907377267437479,0.0671295498784953,4.62456929665911,0.3857438990739963,6.810065921392844,0.9966628976741504,0.30275702260587384,0.4889523536479155,0.050376859081861756
Moderate_C15_P1_10,C15,Moderate,67.43,0.00013259608702255086,0.0005623704644412122,0.1914241960183767,0.9687436421260798,1.6079632465543643,0.00028549352962032004,0.42113323124042873,9.939271120751258,0.8542484605940652,0.9984142096464593,0.06785462777398751,4.65412189596605,0.28833441672001436,6.827358576329621,0.9969453981582361,0.302510395628722,0.4872577625855886,0.050444502024549975
Moderate_C15_P1_09,C15,Moderate,67.43,0.0001316486846123446,0.0005476730187053693,0.1914241960183767,0.9716803997119299,1.7611026033690658,0.0002940768925813343,0.42113323124042873,10.003967678459675,0.8245855169898065,0.9941422589072506,0.06657896377633449,4.60659475428733,0.38405420349865327,6.440346895137018,0.9881466302942454,0.3014765530938959,0.4883267737034296,0.05050437057805534
Moderate_C15_P2_01,C15,Moderate,67.43,4.757727987734471e-05,0.00022172448130509785,0.1914241960183767,0.99059408602634,1.7611026033690658,0.00012868745200926812,0.3828483920367534,18.627641104122002,0.9574609474741768,0.9823124947365464,0.0671820215225435,4.79253800819542,-0.37109194357763625,18.151513345169686,0.9950788265091924,0.31695439478872106,0.5052957617137017,0.05338189100076865
Moderate_C15_P2_03,C15,Moderate,67.43,4.693541890873671e-05,0.00022380491919097017,0.1914241960183767,0.9901589295768136,1.6462480857580397,0.0001345078848656745,0.3828483920367534,18.21248629098251,0.9636113683518425,0.9950496942116079,0.06485703174443011,4.86523730628663,-0.30629853476111296,16.459040949772707,0.9911620214758148,0.3179762666792834,0.5040655219802735,0.05324892527077376
Moderate_C15_P2_06,C15,Moderate,67.43,4.81709596794189e-05,0.00023800067584195644,0.1914241960183767,0.9938027897926484,1.6462480857580397,0.0001431101117290546,0.3828483920367534,17.408744152029755,0.9480586050832807,0.9689695015659676,0.06702894930157137,4.816540487472333,-0.364525718430125,16.70869522451585,0.9718342216335545,0.3158747802622918,0.501652551309253,0.052475387492894994
Moderate_C15_P2_10,C15,Moderate,67.43,4.595543946887368e-05,0.00021348780848750486,0.1914241960183767,0.9949492423935296,1.569678407350689,0.00012918639934098624,0.3828483920367534,18.54688274605805,0.9627259862971501,0.978185951597133,0.06879265022926871,4.773108445339695,-0.22811053002922246,16.079172761000603,0.9893135647696459,0.3144209331704561,0.5029323135915901,0.052506373600864825
Moderate_C15_P3_01,C15,Moderate,67.43,0.00012771879612423603,0.0005826436443120189,0.1914241960183767,0.9850356137307136,0.5359877488514548,0.0003119751422602836,0.3828483920367534,19.25749885410478,0.9577443129430429,0.9961732117562461,0.06420731516667576,4.688722609858917,-0.24501823200178854,19.781233652732844,0.9939343942746642,0.30453390769214495,0.48894562449486145,0.061543918700273835
Moderate_C15_P3_05,C15,Moderate,67.43,0.00011679481814193423,0.0004807139043830652,0.1914241960183767,0.9762001698618309,0.5359877488514548,0.00026191103911963595,0.3828483920367534,18.099178980789034,0.9588719943627516,0.990083374599485,0.06530560647206386,4.6843470847390885,-0.16932040361839767,18.021751680238275,0.9943062652161081,0.3062411812565669,0.49175972643285376,0.06163150345748048
Moderate_C15_P3_10,C15,Moderate,67.43,0.00011949397438591569,0.000500457604532612,0.1914241960183767,0.981226961173182,0.6125574272588055,0.0002606152570412694,0.3828483920367534,18.669127724023422,0.9692215298682377,0.9829999563306199,0.06858496785401494,4.704995924310377,-0.1536202186173069,18.59067905850037,0.9912210306663837,0.3042692993950519,0.48919252701647625,0.060513167874066714
Moderate_C15_P3_12,C15,Moderate,67.43,0.00012031410186133341,0.0005170778869186787,0.1914241960183767,0.9772315319901582,0.5359877488514548,0.00026391575890793306,0.3828483920367534,19.519610933857393,0.9607507266232247,0.9783153493325161,0.0662427769085294,4.693443556530902,-0.16645166039147902,19.35079377268999,0.9806641489473146,0.3069323936604364,0.4870779747235022,0.06116892225289593
Moderate_C15_P4_01,C15,Moderate,67.43,0.00012724388136066587,0.0005734726550753079,0.1914241960183767,0.9885425101129245,1.6079632465543643,0.0003035288131761099,1.799387442572741,13.853988234335032,0.9466532930019647,0.987506641349255,0.06747425297068713,4.7751890833836494,0.5432820048101447,9.57469685828982,0.9948647205570481,0.28561365726870974,0.4980859969777538,0.049179112322545925
Moderate_C15_P4_03,C15,Moderate,67.43,0.00012109365033434009,0.0005592020874373906,0.1914241960183767,0.9785135537350915,2.3736600306278715,0.0002941872617384606,1.7611026033690658,13.840596297758719,0.9726089624665728,0.9934077589242174,0.06520822740148083,4.8164128233136845,0.46430549415206923,8.970772719860536,0.9889467562180012,0.2908717070636912,0.5028381740257356,0.05148406448857434
Moderate_C15_P4_09,C15,Moderate,67.43,0.00012233661719552582,0.0005531034705096537,0.1914241960183767,0.9778665211337337,1.5313935681470137,0.00029535306307320827,1.684532924961715,14.489121873783677,0.9853295662946232,0.9950716798148567,0.06488354699793258,4.75420442757096,0.4566452735373968,9.157584073531568,0.9945962343950115,0.2946361965424256,0.5031217084416159,0.05280458336246996
Moderate_C15_P4_12,C15,Moderate,67.43,0.00012280573487824563,0.0005593617975202122,0.1914241960183767,0.9681350087983176,1.799387442572741,0.00028773807263622614,1.5313935681470137,13.335658033243678,0.9696974130938176,0.990947065882031,0.06310576719706339,4.741974232889089,0.37760039761492603,8.552936737185052,0.9940059006691119,0.28981611448672606,0.49919728716809375,0.05284416847475627
Moderate_C15_P5_01,C15,Moderate,67.43,0.00011389477996749579,0.0007284224668117829,0.3828483920367534,0.832011179793945,0.6508422664624809,0.00043486788531603795,0.15313935681470137,23.855813159548333,0.964911569918095,0.9792024469515525,0.06493599423351147,4.737889770098102,1.076517589527194,23.681759314344767,0.9979997361016412,0.3212200298801764,0.4629163804525652,0.055657684072079085
Moderate_C15_P5_05,C15,Moderate,67.43,0.00011184135250864467,0.0007436856269499245,0.3828483920367534,0.8344638063357763,0.6125574272588055,0.0004373572645402918,0.15313935681470137,23.060756897293963,0.9708949095128279,0.9634113786427285,0.06883428194731327,4.717598116607369,0.9873353200891276,23.486658192840277,0.9941010133127602,0.31986687972210814,0.4638487185931927,0.055988980046496085
Moderate_C15_P5_10,C15,Moderate,67.43,0.00010848414371603656,0.0006991710429005272,0.3828483920367534,0.8289741080283102,0.6125574272588055,0.00039752988517997336,0.22970903522205205,23.386998666100638,0.9661362508213871,0.9658832515929607,0.06434340824190929,4.730219863354518,0.8314600874799731,23.265884588666076,0.9859733427428677,0.32065875393894994,0.46319474413071826,0.056055095129905516
Moderate_C15_P5_12,C15,Moderate,67.43,0.0001107880614786726,0.0007217194642262538,0.3828483920367534,0.8167679451318808,0.6125574272588055,0.00042356351495184485,0.15313935681470137,23.602298537661973,0.9640333036616532,0.9789840615675416,0.06616641202940968,4.722097228692123,1.1394543326475268,24.337735134280525,0.9956328054403737,0.32247867018712734,0.46234952723766587,0.05519962359477943
Moderate_C16_P1_01,C16,Moderate,62.09,9.313293002754848e-05,0.0006874789300287282,0.49770290964777947,0.9745305526578563,0.7274119448698315,0.00037383327175525004,0.22970903522205205,22.28311771179392,0.9656574180285172,0.9250648665060383,0.06379589788373717,4.750564374739268,0.41995202585134933,25.004000613981763,0.9956096176886746,0.3154415527217154,0.4915035186555471,0.05975752887846099
Moderate_C16_P1_05,C16,Moderate,62.09,8.946592897909017e-05,0.0006697663450945229,0.49770290964777947,0.9779674544404482,0.7274119448698315,0.00038051929564446806,0.22970903522205205,23.639718903559807,0.963065677119542,0.9556100099882022,0.06405571990291735,4.7604584785714605,0.8652500094329968,27.93677004669467,0.9941567927742692,0.31647403701827953,0.49101677278948147,0.059428406003558594
Moderate_C16_P1_10,C16,Moderate,62.09,8.790501418311687e-05,0.0006643420972132082,0.3828483920367534,0.9783768290802362,0.6125574272588055,0.0003831041429987578,0.22970903522205205,23.388565266138563,0.9529050206965085,0.9307318532952101,0.0660994280581836,4.819614698698314,0.8806377496297045,26.662923218745533,0.9976727660784782,0.3186799688703241,0.48974227164122,0.059528340470703246
Moderate_C16_P2_01,C16,Moderate,62.09,6.538338416311535e-05,0.00041159455988528233,0.34456355283307805,0.9748945825256019,0.1914241960183767,0.00020751202373754302,0.49770290964777947,21.076074859334394,0.9358489589955445,0.866932988026105,0.06363123139728068,4.812079841009612,-0.17343943229650785,19.789346614878202,0.9904575443929416,0.31975213736061975,0.4949968261860232,0.05040579869200376
Moderate_C16_P2_05,C16,Moderate,62.09,6.656486639572529e-05,0.0004349519185651323,0.34456355283307805,0.9778402257369163,0.1914241960183767,0.00022140064567302434,0.49770290964777947,20.10675410263621,0.9241420115547303,0.8225482414047105,0.06300458361971083,4.89571473898698,-0.01429596149499411,18.673464234609632,0.985278866272664,0.31868582207562957,0.49567939991276744,0.052213985289294704
Moderate_C16_P2_10,C16,Moderate,62.09,6.517755065958259e-05,0.0004554318005052583,0.34456355283307805,0.9721449823883175,0.1914241960183767,0.00023754048248069906,0.49770290964777947,22.528051970640668,0.9319206532140946,0.8599708703991519,0.06485057295897632,4.797226324489065,-0.04199110418888435,20.829393467598287,0.9843601064084777,0.32061787105464046,0.4946651542423832,0.05248421182907951
Moderate_C16_P3_01,C16,Moderate,62.09,6.560208316838203e-05,0.0004470493785803061,0.3828483920367534,0.9005033710420213,1.6079632465543643,0.0002316533251890876,0.15313935681470137,21.213926196139944,0.9010172711246127,0.9458408026713675,0.06831658271363943,4.85747699690879,0.21442262735172887,18.551505709526868,0.991797033504479,0.32740800700610406,0.48335123166574673,0.04908947573045029
Moderate_C16_P3_05,C16,Moderate,62.09,6.423257257723418e-05,0.0004511266599952329,0.49770290964777947,0.9375039124506154,0.1914241960183767,0.00022630885246373514,0.34456355283307805,21.403629445661636,0.9214883385530388,0.9245195175408134,0.06977716210362206,4.805447371587962,0.01648863233628435,21.359007731815545,0.9785023740543364,0.3234251712260904,0.4880585335919822,0.04924020089500443
Moderate_C16_P3_10,C16,Moderate,62.09,6.154128505050073e-05,0.00041759530018447265,0.49770290964777947,0.9390069664953382,0.15313935681470137,0.00021470663451197462,0.34456355283307805,20.455821367827735,0.8899836287102763,0.9500064745333598,0.06850438371216067,4.873481517457496,0.19879785233064692,20.783709259876304,0.9937125238758987,0.3258580677927872,0.48925093239928563,0.049391645143657924
Moderate_C16_P4_05,C16,Moderate,62.09,6.097477531775011e-05,0.0004279312737933721,0.3828483920367534,0.8459877865443564,0.15313935681470137,0.0002471397803954838,0.6508422664624809,20.089143048942873,0.8832563343919246,0.9550722241755868,0.06319209445959288,4.94570393931205,0.8510549222667272,21.37746011719394,0.9840612302074079,0.33038089855648023,0.47918708755575046,0.05499125247095645
Moderate_C16_P5_05,C16,Moderate,62.09,7.131595531926386e-05,0.00043436405200280074,0.30627871362940273,0.9283199392859748,0.5359877488514548,0.00022663555311059198,0.15313935681470137,22.088547907723445,0.8890216442963714,0.9774974963318875,0.06610960841915897,4.885059289613041,0.38448992427580964,18.55096385638039,0.9948624515512624,0.32881299901415756,0.4861965512342516,0.04265410105865684
Moderate_C16_P6_05,C16,Moderate,62.09,9.64125491978566e-05,0.0006797929921652647,0.3828483920367534,0.9410864206693893,0.6125574272588055,0.00037926091795167927,0.22970903522205205,27.270395688218926,0.961602549424814,0.924447540445809,0.0693971688805378,4.773387793418935,0.7348748227996779,23.344155637226503,0.9771723036896959,0.321142181156125,0.4826381552500016,0.05497909919873353
High_C5_P1_01,C5,High,28.19,3.3701250733652266e-05,0.0003596567245719852,0.8805513016845329,0.9740983852168366,1.0719754977029097,0.00022511427893920135,0.6125574272588055,23.6542358602519,0.9432632518405536,0.9144723597721335,0.059349227450245706,4.454255440141652,1.7191603167288068,22.885291514006042,0.984233576277132,0.3122167897392274,0.503366158761001,0.057216979187230066
High_C5_P1_02,C5,High,28.19,3.790505741139051e-05,0.00036910075612497505,0.8805513016845329,0.9180051855024777,0.42113323124042873,0.00024905278550023727,1.0719754977029097,25.77264785182304,0.9094603384361785,0.7752738857268533,0.06058035797521046,4.491142432951065,1.975722087698388,29.532544921072827,0.9813555938085418,0.3105174109144724,0.49500382306967344,0.06044151618061606
High_C5_P1_05,C5,High,28.19,3.300236310979927e-05,0.0003664949400940284,0.8805513016845329,0.9356365879590836,1.0719754977029097,0.0002413482199850688,0.6125574272588055,25.057128070512814,0.9708445016623873,0.8888138963365432,0.06039632599957677,4.4633460050176215,2.697633832314904,29.33949091678972,0.9799149183091317,0.31802290971196934,0.5117629971847034,0.05692585502885642
High_C5_P1_09,C5,High,28.19,3.505350400401116e-05,0.00036664104151132494,0.8422664624808575,0.9454442457480747,1.0336906584992342,0.00023271881342667514,0.6125574272588055,25.20752918997969,0.9389643441488642,0.7688193759307892,0.06272178501308401,4.414451398390471,1.7070243499876914,28.007702261385504,0.9811592245792073,0.3131620775943552,0.5092862280687008,0.06077501520041171
High_C5_P1_10,C5,High,28.19,3.696607385951703e-05,0.0003923917503489016,0.8805513016845329,0.9750677484610829,0.3828483920367534,0.00024410242965471686,0.6125574272588055,25.097574291013874,0.9075435833735584,0.9340579333718547,0.06219221907221502,4.505973114974816,1.850067339011294,22.76789626209078,0.9924205524769762,0.31716325050603134,0.4994849724056496,0.06200936631238704
High_C5_P1_01_rep2,C5,High,28.19,3.958475853245384e-05,0.00033524955777223094,0.57427258805513,0.8205216137563549,1.0336906584992342,0.00017874609278425134,0.2679938744257274,22.63972868329453,0.9500884855030637,0.880010747508382,0.06518484751692738,4.504346280143795,0.38160232985227843,25.735682689666177,0.9543484278613901,0.29472338088356353,0.5345640683628301,0.050821870084788674
High_C5_P1_02_rep2,C5,High,28.19,3.887480338440037e-05,0.00034399541909989806,1.0336906584992342,0.7892386212205397,0.57427258805513,0.0001976164225990073,0.8039816232771821,22.397996174595207,0.9827307704696091,0.9149765972916168,0.06740312608733039,4.455781092633279,0.9154721968021541,23.293746176863014,0.9686778704575828,0.30325013980118226,0.5368823157196267,0.05178046275864857
High_C5_P1_05_rep2,C5,High,28.19,3.937617576818216e-05,0.000347058638176647,1.0336906584992342,0.9005930957853451,0.57427258805513,0.0001943616647373265,0.8039816232771821,24.108422347149173,0.8459249197729255,0.9323289119198088,0.06904313739350479,4.5058162256810075,0.7846974079100945,18.97208792236903,0.939998912960319,0.3135732372588725,0.5225192508510523,0.04262415700539793
High_C5_P1_09_rep2,C5,High,28.19,3.355550996354909e-05,0.00035682491659719826,0.9571209800918835,0.9692576408384187,0.6891271056661561,0.00018869451015722443,1.14854517611026,22.31034541627283,0.9925439152133939,0.9718864306153411,0.05207017394252319,4.496965205745895,0.9327171165192751,23.69678265787863,0.9079120221470182,0.3028225012132318,0.4944128478667027,0.05351254970087109
High_C5_P1_10_rep2,C5,High,28.19,3.508550303747985e-05,0.0003797403143459855,0.49770290964777947,0.9328022179131121,1.14854517611026,0.00023909278290775495,0.9571209800918835,22.800551645104775,0.9756150494443142,0.9906511288868831,0.0564087562738984,4.4694827456072375,2.445745679407572,27.584228924993525,0.9471868867092295,0.29322877777901113,0.503078418309967,0.054720500045554815
High_C5_P3_10,C5,High,28.19,3.3566736235530566e-05,0.00036909704177047324,0.9571209800918835,0.9254692245979474,0.15313935681470137,0.00022014449034061688,0.6891271056661561,22.238800848813668,0.9295716298197264,0.9860911043213261,0.05615008937506874,4.505377517778196,1.641788244896371,27.98002323406339,0.9457560071686203,0.29245107390622976,0.4992032074471536,0.05045593828265079
High_C5_P4_10,C5,High,28.19,4.685259165681938e-05,0.0004828309107606476,0.57427258805513,0.8752705371191926,0.15313935681470137,0.00025624041571624005,0.8422664624808575,25.735073500271085,0.9296151854896048,0.9072428361915323,0.06794790494971335,4.4440399177328915,0.32704116049435283,26.116663196715844,0.950089322240062,0.30117226595611346,0.5285843286753397,0.05295749447862323
High_C5_P4_01,C5,High,28.19,4.401014587688307e-05,0.00047401916659491446,0.8422664624808575,0.8630580044775791,1.3016845329249618,0.0002660410220440176,0.57427258805513,25.920900618348128,0.980037259124984,0.9198918242006808,0.06527066736489708,4.467759840644714,0.9288847195588015,24.925763295376953,0.918742303794251,0.299835625645501,0.5246872977696652,0.05266718838111482
High_C5_P4_05,C5,High,28.19,4.658286867008784e-05,0.000515777489827633,0.8422664624808575,0.9170386188544415,1.0719754977029097,0.00028764085224195634,0.57427258805513,25.540930104015217,0.9877757656935393,0.9206649584315492,0.06491208897742166,4.415132222459675,1.1615560168001862,28.74146519380166,0.914186313223783,0.2988478532774552,0.5224091194363901,0.05365040386316311
High_C5_P5_01,C5,High,28.19,4.5269496447234094e-05,0.0003556491071064399,0.15313935681470137,0.8899961822301428,1.0336906584992342,0.00020254566307849315,0.5359877488514548,22.711044325169784,0.8998819657547911,0.8051282679163138,0.07016582137864977,4.572417622648961,0.7272053821367435,22.850362564472597,0.976568203872695,0.279188747764941,0.5261017082812091,0.04862271054799428
High_C5_P5_05,C5,High,28.19,4.019000000094216e-05,0.00030510491087814846,0.5359877488514548,0.8659248100679534,1.0336906584992342,0.00017135822567499018,0.1914241960183767,21.06999474682368,0.8497509996440786,0.8934501243954992,0.07231870096649295,4.530701815382232,0.4778720966913694,20.927520323885624,0.9700305037060374,0.27414091561230547,0.5252206782489087,0.040707741181689495
High_C5_P5_10,C5,High,28.19,4.124443977774564e-05,0.0003240414836613209,0.5359877488514548,0.8643258306331938,1.0336906584992342,0.00019002887515975927,0.22970903522205205,19.76701006978082,0.8552153867671138,0.9334443745095623,0.0723828721349462,4.474375484095215,0.6616542439348169,19.943530112773054,0.9652178892272187,0.2755319153813422,0.5239123279779978,0.05056990404515505
High_C9_P1_05,C9,High,27.89,6.29665012235882e-05,0.0003295863923765328,0.3828483920367534,0.9261678305268914,0.6508422664624809,0.0001858619629975224,0.1914241960183767,20.068555963941755,0.8888281424734745,0.973842823922825,0.06384233912455585,5.494790429467319,-0.020465572500484076,22.461287891828615,0.9942645556730978,0.3064522906022041,0.4880400332768512,0.06412762655972186
High_C9_P1_10,C9,High,27.89,5.944062460397985e-05,0.0003173616447707089,0.3828483920367534,0.9113422860279907,0.6508422664624809,0.00019194732246431104,0.22970903522205205,19.566733064338926,0.9001699881908497,0.9793599799695796,0.07080920854867856,5.502523360324341,-0.12305233866031907,22.703323164664223,0.9796126112444887,0.307682338748449,0.48935643779922533,0.06424013440627137
High_C9_P2_05,C9,High,27.89,4.9479692033706136e-05,0.00028078223693507164,0.42113323124042873,0.8889825803043439,2.450229709035222,0.00016306757546951048,0.22970903522205205,18.66974187998912,0.9376889998918465,0.9525025368648633,0.06588185246008968,5.351015238960078,-0.08118170648565878,24.032498591461668,0.9976265009689359,0.3033408251701865,0.49494761405340715,0.061255879685501266
High_C9_P2_10,C9,High,27.89,4.989919906741897e-05,0.0003062547975324863,0.3828483920367534,0.888299692790963,0.5359877488514548,0.0001838296249920124,0.22970903522205205,19.03744816856938,0.9168561179469112,0.9592597993031299,0.06604306625031749,5.361236617842698,-0.288925869908626,24.69777797528718,0.9881945858982224,0.3048043407941914,0.49453359099051836,0.06298063206896312
High_C9_P3_05,C9,High,27.89,4.841593575581375e-05,0.0002864331794659793,0.3828483920367534,0.976918977647735,0.5359877488514548,0.00015802850296665373,1.684532924961715,16.72095483110987,0.9394796056051691,0.9621410079949165,0.0691324353769084,5.427743570163155,0.01763188851072154,15.964190153337709,0.9904669978174545,0.3146946916310247,0.49915652153314705,0.0609581129759616
High_C9_P3_10,C9,High,27.89,4.633475285228197e-05,0.0002634949868171691,0.3828483920367534,0.9545128514712504,1.7228177641653903,0.00015372050167452317,0.5359877488514548,18.96684076028167,0.9539449327147684,0.9827443022021376,0.06763659410548466,5.392078319482908,0.02175340545644548,18.37272508763317,0.9920817584105255,0.3140067770843482,0.5029746026282501,0.058837741589247046
High_C9_P4_05,C9,High,27.89,5.216391562810162e-05,0.00034360723703758884,0.42113323124042873,0.939488879612109,1.6079632465543643,0.00021372460938084162,0.57427258805513,20.69844180772675,0.9717243434657268,0.9278600731334248,0.06160245081598337,5.461109404755594,-0.8270591800592747,21.198147708808527,0.9873713089509648,0.3109744573744639,0.49282459832427716,0.05204178989039897
High_C9_P4_10,C9,High,27.89,5.0876495255238376e-05,0.0003453342367355924,0.42113323124042873,0.9305282518861415,1.5313935681470137,0.00017697460737444457,0.57427258805513,22.03551292298259,0.9703282414496394,0.944832843997141,0.06591613356913689,5.381953983196791,-0.07927230917228568,17.644948016723376,0.9903766883307208,0.3075227488698556,0.49461704323054745,0.05087357436614438
High_C9_P5_05,C9,High,27.89,5.563896434897588e-05,0.00043284954323631885,0.30627871362940273,0.9541831424461891,2.3736600306278715,0.00022768127143813502,0.57427258805513,21.621586725969873,0.9631783693143507,0.9741270303971833,0.06259512885045083,5.545519933623316,0.38866685693570696,25.15208632428037,0.9876677412236503,0.3086978660055773,0.49930466659884276,0.05131326023621181
High_C9_P5_10,C9,High,27.89,6.067212705334181e-05,0.00046237548815495093,0.30627871362940273,0.9486207200277408,0.15313935681470137,0.0002487295789784056,0.57427258805513,20.23185913021265,0.9559225116398393,0.9596487474691023,0.06459821982955635,5.455978427886365,0.4884588323870034,21.89634802654932,0.9877263957374002,0.3168000148352198,0.4987210335262995,0.05041405554355387
High_C10_P1_05,C10,High,38.98,4.905229664909327e-05,0.0003156105775602234,0.57427258805513,0.9849925107542754,1.6462480857580397,0.00019092764837055042,0.22970903522205205,18.00569208149199,0.9357586812843987,0.9909620882804185,0.0666354617193504,5.396059187337589,-0.5573702377915186,18.40816664182577,0.9934641904083209,0.30685783190492727,0.5004939139605366,0.05887431724888772
High_C10_P1_10,C10,High,38.98,4.688041857295614e-05,0.0003137691432218118,0.57427258805513,0.9844671820490818,1.684532924961715,0.0001848055818476131,0.34456355283307805,17.76890800105812,0.9382474561125786,0.9836069922860244,0.06696919310785863,5.417500110556175,-0.6810300901726728,22.769176200254996,0.9977598136046821,0.3096586439623097,0.49990643541075397,0.05835580106781999
High_C10_P2_05,C10,High,38.98,4.4389396639456466e-05,0.0003108726950530678,0.34456355283307805,0.9470748950479635,0.1914241960183767,0.00016678555170184463,0.57427258805513,18.29307545357059,0.8986814383919095,0.982732993895675,0.061416260900289454,5.53909135674156,-0.036253659173716,21.549127525258562,0.9855321481790074,0.3249443950147335,0.49723929269406825,0.052851385173513954
High_C10_P2_10,C10,High,38.98,4.451082215139358e-05,0.00030989493491597023,0.34456355283307805,0.9309452991843128,0.1914241960183767,0.0001563928259030427,0.57427258805513,18.540465855438406,0.872513529921877,0.9802909096962313,0.06421406183330294,5.542864630025642,0.2619823930080416,19.839883740146497,0.9984371383967967,0.3213165097063653,0.5046898682233919,0.05517489088768288
High_C10_P3_05,C10,High,38.98,3.895982157843847e-05,0.00020838624164162494,0.34456355283307805,0.9646423408705275,1.799387442572741,0.00011593040298700104,1.6462480857580397,16.222066780393533,0.8334121891414666,0.9941722966480201,0.06326626931303628,5.4576733558868815,-0.11444886030589513,19.755375818176617,0.9590814407535427,0.3268587113945411,0.4911870840786348,0.05328500132652969
High_C10_P3_10,C10,High,38.98,3.970675895956289e-05,0.00023723247315771107,0.34456355283307805,0.9437449105916548,1.799387442572741,0.00013699471646990381,1.6079632465543643,16.54347427951281,0.8467570021050271,0.9749969682320212,0.06716871470601414,5.504083860075028,-0.04621705332573717,20.684963058297953,0.9873889087144356,0.3285370392648304,0.48923461194442397,0.050503247339054785
High_C10_P4_05,C10,High,38.98,5.387273898100988e-05,0.00036021585643548784,0.4594180704441041,0.9648762670473506,0.6891271056661561,0.0001980966021807929,0.22970903522205205,20.63496410679673,0.9611467829827713,0.9788192248154701,0.06651582009702438,5.413639445196098,0.7842949721265182,19.970371120666687,0.9902727563140514,0.302501144693073,0.49771694365797464,0.05324158796362718
High_C10_P4_10,C10,High,38.98,5.1458515651452264e-05,0.0003451020112641461,0.4594180704441041,0.9483069870262655,2.450229709035222,0.00018079041959288695,0.22970903522205205,18.93972571705838,0.9705953763330439,0.9828761626369109,0.06338518058724467,5.494554652327602,0.08607960491443198,20.496647289949767,0.9839975433520908,0.3022748309299017,0.4982640681487779,0.05208363760297288
High_C10_P5_05,C10,High,38.98,5.252736346965694e-05,0.0003830977296455683,0.34456355283307805,0.9137697592277072,1.6079632465543643,0.00022115078242914825,0.49770290964777947,19.78679589055578,0.9031603340258537,0.9325540836295542,0.06428216515475074,5.404293915611074,-0.6455688540141484,21.832576118615886,0.9667452025662936,0.32311004457665293,0.4947218858816058,0.05401764313326703
High_C10_P5_10,C10,High,38.98,4.890467080912639e-05,0.0003656096496030383,0.34456355283307805,0.9234642212192684,0.1914241960183767,0.00019605873225923771,1.6079632465543643,20.17764021920398,0.9130860026325518,0.9290369050804437,0.06755262918966762,5.417235049025732,-0.27813057324693663,19.17720743617689,0.9915716467279496,0.32256352216603856,0.4942110329170801,0.053080138268844466
High_C10_P6_05,C10,High,38.98,4.5164803856158324e-05,0.0003411703254114949,0.34456355283307805,0.9445144639062284,1.6462480857580397,0.0001737687462869402,0.57427258805513,19.89449161252014,0.8910952080223726,0.9394398101302649,0.06602424996397449,5.499288144313755,0.5521327573686348,22.70150749360626,0.9931451079650812,0.31815117059607156,0.49888869167123157,0.05541222609478595
High_C10_P6_10,C10,High,38.98,4.697889662511758e-05,0.0003438834638898261,0.34456355283307805,0.9606044105358061,1.7611026033690658,0.0001824972216132026,0.49770290964777947,17.25492855319491,0.889128880018849,0.9621155743740825,0.06543554373121684,5.5272997121989125,0.7245237049132752,17.276505166694783,0.9974252373761612,0.32305928592779515,0.5000329700015899,0.054187257303028806
High_C12_P1_05,C12,High,34.54,4.6125041504431846e-05,0.00025128703370104374,0.34456355283307805,0.9717502185382103,0.57427258805513,0.00013583233228707043,0.1914241960183767,17.657106438866112,0.8485365650006137,0.9836461808761213,0.06411322450590295,5.5479003038035195,0.21607067344948547,21.622998218429537,0.9986939374504981,0.31535735811864624,0.4944755721361593,0.053550110415349295
High_C12_P1_10,C12,High,34.54,4.6853197847985154e-05,0.0002963648063188085,0.34456355283307805,0.9584268590292735,0.57427258805513,0.00016405074986018702,0.1914241960183767,17.05279384750033,0.867710538910053,0.9948413380986019,0.06622545189006093,5.572001910487836,0.4988333003503199,16.43665068877918,0.9912411633897972,0.31828500738271664,0.49255097943884485,0.05054052168043183
High_C12_P2_05,C12,High,34.54,5.874074147430229e-05,0.00041239705960290877,0.3828483920367534,0.9779178029143153,0.22970903522205205,0.00021803193127534873,0.5359877488514548,22.33902797978665,0.9515664435246725,0.8930902979710611,0.0669142268847607,5.512909131696477,0.3317822763521776,21.95241048481043,0.9933129249727837,0.3113525495468896,0.4982826014965665,0.05801091888545014
High_C12_P2_10,C12,High,34.54,6.124359670407718e-05,0.0004276918510679363,0.3828483920367534,0.982186746605952,0.5359877488514548,0.00021884573754669826,0.22970903522205205,21.704025008205015,0.9582110072595987,0.8786400445524785,0.06783571372582407,5.472263256529668,-0.16424164547124287,22.445001575696075,0.9956002349649344,0.30977383091728516,0.4975949566462392,0.060043745991333386
High_C12_P3_05,C12,High,34.54,4.158703107342006e-05,0.00027055204408278806,0.3828483920367534,0.9420890123948334,1.8759571209800918,0.00014188169534109168,1.6079632465543643,18.72483745714905,0.8244730091494454,0.9650796072220691,0.06724468603792541,5.405791836131152,0.07268081667209886,18.805788080495546,0.9869423478404813,0.3334315535749533,0.49122180807407445,0.05315834848807055
High_C12_P3_10,C12,High,34.54,4.305947626365932e-05,0.00027916605903549694,0.3828483920367534,0.9411503891418964,1.569678407350689,0.00015198286945906458,0.1914241960183767,17.430342211092377,0.8715863768545409,0.9562515634018695,0.06626332943668564,5.400786502379587,-0.036787974207221324,16.9689524623255,0.9965317990064761,0.3259481932961477,0.48857479454500496,0.053241617730662875
High_C12_P4_05,C12,High,34.54,4.8181079123045814e-05,0.000347319632130524,1.569678407350689,0.9868574960114085,1.7611026033690658,0.0001770024771508203,0.3828483920367534,19.602123180734253,0.9815214061184266,0.8922826051858634,0.0641177820539299,5.330688974705658,0.38844903367122685,21.738306297163533,0.9827874813734622,0.31411397394311286,0.4940592508593038,0.05694115160625231
High_C12_P4_10,C12,High,34.54,5.0405829394028394e-05,0.0003314596460926198,1.569678407350689,0.981390273789655,1.4165390505359876,0.0001667425447372789,1.7611026033690658,19.42286776267678,0.9791729588580071,0.8855998484483512,0.06145866033555236,5.38318109933511,0.18492994307876162,22.069747792625265,0.9506886765289583,0.30917693920243083,0.49269932685003853,0.05807441847904832
High_C12_P5_05,C12,High,34.54,4.096925274006397e-05,0.00025905422799509946,0.2679938744257274,0.9559489351273416,1.8376722817764164,0.00014536280059660104,0.49770290964777947,17.677277479909836,0.9389909112759193,0.9410186248731843,0.059506850327518485,5.403420858265904,0.8328518503887041,20.986362795985315,0.9862730174575983,0.31771793310849594,0.5000841217602958,0.0532642995802749
High_C12_P5_10,C12,High,34.54,3.7574013141455165e-05,0.00024526111085316354,1.6462480857580397,0.9548885837181437,0.49770290964777947,0.00012784785143033425,0.2679938744257274,18.858067594641764,0.9474194433095067,0.9438103596419272,0.06843008010628648,5.46686503504991,0.10407579334445022,22.39758831365627,0.9917484227420167,0.31494574557917315,0.5005694428731631,0.05334542281555
