signal_id,sample_code,scs_label,Ignition_Temp,Spectral Centroid,SNR_raw,Spectral Bandwidth 5,Spectral Entropy 4,Spectral Centroid 3,Kurtosis,RMS value,Absorption Proxy,P2P,Wave Energy 3,Acoustic Velocity,Peak Time,Spectral Centroid 2,Dominant Frequency 1 peak,Spectral Bandwidth 3,Wave Entropy,Peak Duration,Spectral Centroid 4,Dominant Frequency 2 peak
Low_C3_P1_05,C3,Low,412.297,6.070013013010489,21.85083931528295,0.07479231118371471,0.9873211178237677,0.6914331202168139,3.4483092199164593,5.164736478170863e-05,0.0002345484057147611,0.0004242427846691782,5.330626565020265e-09,2054.7945205479455,2.92e-06,0.47709140426904434,0.30627871362940273,0.049214730541585074,0.4233479542837087,5.3599999999999995e-06,0.890129706508809,0.6891271056661561
Low_C3_P1_10,C3,Low,412.297,6.186327164139374,23.51897557894608,0.07341406391605258,0.9863319415017185,0.6908145235838351,3.4462025148469975,5.174556373457439e-05,0.00021392037878320458,0.00041811120596684783,4.4437714961630755e-09,2054.7945205479455,2.92e-06,0.47701726080312457,0.6891271056661561,0.04914574801744988,0.43047636677829937,5.5200000000000005e-06,0.8903560160021324,0.8422664624808575
Low_C3_P2_05,C3,Low,412.297,6.113292245034759,21.012908567847926,0.054396129707422955,0.8655652054668185,0.7104955144318134,5.76145706735627,4.758561700587844e-05,0.00023098054739839572,0.0004604217828136736,7.998602641597679e-09,1875.0000000000002,3.2e-06,0.5113313559479774,1.0719754977029097,0.05419358587063888,0.33851820876771,4.58e-06,0.9086471489896352,0.2679938744257274
Low_C3_P2_10,C3,Low,412.297,6.072609679476537,23.851297435476667,0.05903468846354109,0.8829417325787332,0.7201876720184444,5.963149343488519,4.8273826698809245e-05,0.00025142566076796855,0.00048176851646700256,8.296923508634778e-09,1875.0000000000002,3.2e-06,0.5163115321295153,0.2679938744257274,0.0475339397866002,0.33598538648170795,4.46e-06,0.9146009901727509,1.0336906584992342
Low_C3_P3_05,C3,Low,412.297,6.282662828954438,19.69092722771847,0.06437289436155332,0.961204150057037,0.7021973063268004,3.634365664976971,4.7348993817194176e-05,0.0002051154450603688,0.0003763513171634544,7.407888802718413e-09,1960.7843137254904,3.06e-06,0.5005465205947872,0.8039816232771821,0.05872031503264225,0.48545517480358397,3.0199999999999995e-06,0.8816471131398462,0.30627871362940273
Low_C3_P3_10,C3,Low,412.297,6.267581117222927,21.144501733415023,0.0634009804185676,0.9629268710989992,0.7058352451844744,4.731327811425544,4.4037949671138277e-05,0.00019371482169682733,0.0003735741278875341,5.3487815057462106e-09,1935.483870967742,3.1e-06,0.49926201384321667,0.8039816232771821,0.05993345112961468,0.4601239024802801,2.1e-06,0.8840934962590431,0.30627871362940273
Low_C3_P4_05,C3,Low,412.297,6.119862034785621,23.984531138525128,0.07493264493632398,0.9782230305510655,0.7248237264435164,14.24151184512025,4.7176246289628364e-05,0.0003047563489855922,0.0005037178257380619,4.923448899914598e-09,2054.7945205479455,2.92e-06,0.48847130393184834,0.8039816232771821,0.03966706079804194,0.35883292233958897,7.600000000000003e-07,0.883219464817657,1.0719754977029097
Low_C3_P4_10,C3,Low,412.297,6.255170476359645,24.423917581702945,0.07176543838994509,0.9832543022832445,0.7229276340852518,15.89120718507278,4.7723582025690634e-05,0.0003163663515314543,0.0005173550465818614,6.824710187434934e-09,2040.8163265306125,2.94e-06,0.5019827952027058,0.8422664624808575,0.04162840019726956,0.33929675897494843,7.400000000000001e-07,0.8874999790973508,1.0719754977029097
Low_C3_P5_05,C3,Low,412.297,5.906790896995742,23.58589778134651,0.0696467789857612,0.9482078350413635,0.6931897724063175,5.826838739517335,6.075483774797254e-05,0.0003126195666877373,0.0005880156556879876,1.0983769936398187e-08,2054.7945205479455,2.92e-06,0.4857588558451044,0.8039816232771821,0.05011308004099399,0.34837579331484264,8.200000000000002e-07,0.8796410434982699,0.6508422664624809
Low_C3_P5_10,C3,Low,412.297,5.891972039833372,21.980939146579527,0.07069314088239162,0.9424998232522992,0.6929322952764106,5.660061891908073,5.819020199376235e-05,0.0002859897551650397,0.0005532140723701667,9.442043359292096e-09,2054.7945205479455,2.92e-06,0.4884632733576809,0.6508422664624809,0.04815411297636669,0.3806788839324907,8.200000000000002e-07,0.875113916914381,0.8039816232771821
Low_C3_P6_05,C3,Low,412.297,6.213849837480695,22.295443944741212,0.06289851610754481,0.9673495270701182,0.7162609833120902,10.311951431657581,4.3385478252435625e-05,0.00024312760151552564,0.00043461477543011167,1.1372056714534413e-08,2238.8059701492534,2.68e-06,0.486723853596027,0.7656967840735068,0.05578280049051074,0.4602331550938671,1.2600000000000002e-06,0.8793075953549744,1.225114854517611
Low_C3_P6_10,C3,Low,412.297,6.202263958167321,23.058532475084526,0.05898187180409081,0.9719854883091412,0.72455533371384,8.963441637172819,4.200297870902036e-05,0.00021400125028530551,0.00041483562773541146,5.199379759649305e-09,2222.222222222222,2.7e-06,0.4981096280682512,0.8039816232771821,0.050173353410965627,0.4310389099481186,1.3399999999999999e-06,0.8799012566429198,1.225114854517611
Low_C4_P1_05,C4,Low,439.72,4.387647482241462,22.160596719924733,0.08073394698756796,0.9049110645845737,0.665076781864576,3.7520148250327683,3.75606550576951e-05,0.0001649404713514399,0.0003186284834168626,4.536614969012106e-09,1744.1860465116279,3.44e-06,0.4983615101585407,0.30627871362940273,0.04877806505454587,0.44092704739165145,3.0599999999999995e-06,0.9225271223371098,0.9571209800918835
Low_C4_P1_10,C4,Low,439.72,4.483066610799297,20.98729467177234,0.0749830724667746,0.9369420269683736,0.6682228479742063,4.402625233664572,3.807189933937572e-05,0.00018650913372815004,0.00031428843190041373,5.771717481698352e-09,2013.4228187919464,2.98e-06,0.5065173183778798,0.22970903522205205,0.049942691035013545,0.462883235363437,2.8999999999999998e-06,0.9209963005570077,0.9571209800918835
Low_C4_P2_05,C4,Low,439.72,4.615883091491425,22.013567516743922,0.062210370621499644,0.9592694434229017,0.6612532469561564,5.603332151514847,4.085618527169501e-05,0.00018877612758130268,0.00037550057718515933,7.36060304135394e-09,1775.147928994083,3.38e-06,0.49109152000858697,0.8805513016845329,0.049197051086346984,0.3866303349862713,2.6600000000000004e-06,0.8953916651051625,1.14854517611026
Low_C4_P2_10,C4,Low,439.72,4.571381681114629,21.416239293574215,0.061678603060924826,0.960257970885936,0.6519374108947189,3.4166784564697856,4.441665678081452e-05,0.00019456887546100206,0.0003819743138613453,6.264841110184649e-09,1562.5000000000002,3.84e-06,0.494739969608294,0.8805513016845329,0.04460118777638511,0.3848716511174832,2.5400000000000002e-06,0.8909982378596517,1.1102603369065849
Low_C4_P3_05,C4,Low,439.72,4.555391187100295,20.784129409053634,0.06342335360311842,0.9867277669331999,0.6586025462096882,1.3574416091761297,4.250145024068558e-05,0.00015442353056018985,0.00029362189452417846,5.368258084182587e-09,1898.7341772151901,3.16e-06,0.49342737411902027,0.30627871362940273,0.04452358866755676,0.4777869729176652,2.296e-05,0.8964485530210975,0.6508422664624809
Low_C4_P3_10,C4,Low,439.72,4.587292644781195,22.134044544114957,0.06208337555591032,0.9870114561473441,0.6633099025554229,4.370706363395493,3.559347271179252e-05,0.00016604321601730351,0.0002966074667999486,5.6744772451739016e-09,1948.051948051948,3.08e-06,0.49289625057745046,0.30627871362940273,0.04557905537634309,0.46234640587870823,2.6200000000000003e-06,0.8945974496008969,0.6508422664624809
Low_C4_P4_05,C4,Low,439.72,4.387392880148027,24.002737138041756,0.0881109490283567,0.895531110415101,0.7067757474521883,12.907604845142496,3.5277151879869515e-05,0.00022319598502145772,0.00036687084413026736,3.790756713165153e-09,1428.5714285714287,4.2e-06,0.5083177957304249,0.5359877488514548,0.05379502131193119,0.4033664866478947,8.199999999999998e-07,0.8939322042780423,1.0336906584992342
Low_C4_P4_10,C4,Low,439.72,4.417199017546538,22.9105841668814,0.0886861316251658,0.8727255453581994,0.7061244718489584,6.529670911611703,3.863587661659696e-05,0.00019731762468271045,0.0003622651803256361,3.603539911887431e-09,1435.4066985645934,4.18e-06,0.5151681651947189,0.57427258805513,0.05412476541414952,0.40665025575667524,2.6e-06,0.8962137951095284,1.0719754977029097
Low_C4_P5_05,C4,Low,439.72,4.511399715348778,19.3960800099363,0.06188602589810119,0.9686917291732554,0.6782038875318327,2.0815700206326424,4.3167164807953257e-05,0.0001626285714218691,0.0003229283314831049,4.977147413151548e-09,1923.076923076923,3.12e-06,0.5054671834839787,0.6508422664624809,0.047928093127587015,0.4481348399022382,2.58e-06,0.9004878284565122,1.14854517611026
Low_C4_P5_10,C4,Low,439.72,4.530668873848661,20.709318594897553,0.06336874789842444,0.9767937891650809,0.6697334433302707,2.7980150712410667,4.62293904049514e-05,0.00018973683414439828,0.0003632946175142176,8.7380792786439e-09,1666.6666666666667,3.6e-06,0.5038572069830415,0.6508422664624809,0.047412846546512545,0.4726680894870548,6.000000000000001e-06,0.9025737581425701,1.14854517611026
Low_C13_P1_05,C13,Low,334.714,5.359276133419404,21.054659146861464,0.07608141587106457,0.9751167257595275,0.669538869266988,0.48678679577613826,5.833928662912228e-05,0.00016727534518797796,0.00032034452961200125,1.0870910277626202e-08,862.0689655172414,6.96e-06,0.48486491085327754,0.3828483920367534,0.058387043571032485,0.5688393397057518,1.7100000000000002e-05,0.9106795797063817,0.1914241960183767
Low_C13_P1_10,C13,Low,334.714,5.303496473432188,20.133080446956427,0.07378222621649573,0.9833005273552814,0.6676644179870757,0.8636432133456586,5.602838599175014e-05,0.00016140218755307666,0.0003166559585480759,7.167666459494783e-09,859.5988538681949,6.98e-06,0.48450593250573254,0.49770290964777947,0.05342412226449902,0.5779675665747089,1.696e-05,0.9056587831187942,0.15313935681470137
Low_C13_P2_05,C13,Low,334.714,5.291071226313433,20.05844718446052,0.07632696610442873,0.9944578013066239,0.688690350968982,2.5310930280513224,4.864974014163856e-05,0.00016505087250019975,0.0003113737496887583,7.30753741678299e-09,674.1573033707866,8.9e-06,0.4973623717440893,0.34456355283307805,0.05290547867492794,0.5797548954591116,1.042e-05,0.8948548341679651,0.57427258805513
Low_C13_P2_10,C13,Low,334.714,5.284977849955333,20.468747870596466,0.07559089626416583,0.9885762081155688,0.6887672667634994,2.09597784794786,5.0751151429401566e-05,0.00017006333125636403,0.0003056376207589196,1.3157108027034e-08,657.8947368421052,9.12e-06,0.494237419123027,0.4594180704441041,0.052958240003595766,0.5683033628958815,1.04e-05,0.8897114856314191,0.2679938744257274
Low_C13_P3_05,C13,Low,334.714,5.162878808242473,23.78602060449074,0.0730948282277669,0.9843053434700836,0.6727368978966467,4.355918098890787,7.304801431022978e-05,0.0003077253138087842,0.0005623160721719327,9.895380309521525e-09,761.4213197969542,7.88e-06,0.4852705190956313,0.3828483920367534,0.048378977444325746,0.5665925735708941,2.5199999999999996e-06,0.8983665750653228,0.22970903522205205
Low_C13_P3_10,C13,Low,334.714,5.091513214277977,23.308736438753286,0.0748832391965921,0.9805995204751204,0.672748274139863,3.7967550640746133,7.393688112836749e-05,0.00029530777191156247,0.0005364198032625498,9.37725512602944e-09,761.4213197969542,7.88e-06,0.4822509422272136,0.3828483920367534,0.04903121454454687,0.5884717552431784,3.7399999999999998e-06,0.9053284589749666,0.5359877488514548
Low_C13_P4_05,C13,Low,334.714,5.3486275625458255,20.805083949292566,0.07445948880235806,0.9945552334434427,0.6768644228524909,3.706405218751337,5.1709120013734386e-05,0.00021686029409154862,0.0003619709867203182,8.067344858118295e-09,759.493670886076,7.9e-06,0.48882773216629444,0.49770290964777947,0.05397571401407199,0.5581968294636046,7.84e-06,0.8935578123609099,0.2679938744257274
Low_C13_P4_10,C13,Low,334.714,5.3862972938548905,20.01461380589245,0.07835556320884454,0.9905008834412137,0.679626228740034,4.934106637995222,4.961084261391898e-05,0.00021309336875564153,0.0003657279978863127,6.99425264340807e-09,748.1296758104738,8.02e-06,0.4903582281111028,0.49770290964777947,0.05455801449607869,0.5508340894805344,7.96e-06,0.8980275236905921,0.6508422664624809
Low_C13_P5_05,C13,Low,334.714,5.297964095003971,19.774937452880067,0.0754377734261601,0.9707252274143243,0.6687331131751504,2.964762838780386,5.113899707017744e-05,0.00019092693130177177,0.0003434622740742428,5.706570985778552e-09,726.3922518159806,8.26e-06,0.49224294825850073,0.49770290964777947,0.057352041953952944,0.5426999587556413,8.98e-06,0.9202966403937705,1.684532924961715
Low_C13_P5_10,C13,Low,334.714,5.367678080343695,20.44152678164114,0.07608337706492338,0.9624469023202846,0.6671013692040871,3.9749011169003676,5.0371885959253256e-05,0.00020741518059891085,0.0003583827830316054,8.442572756296348e-09,729.9270072992701,8.22e-06,0.4894662888580773,0.3828483920367534,0.05529839075220115,0.5680383240681495,7.499999999999999e-06,0.9169495025034431,1.6079632465543643
Low_C14_P1_05,C14,Low,339.829,5.119775756036738,21.21305434322398,0.07532300244288066,0.9858970596572788,0.670434244913012,2.857915313473649,5.9254074783519525e-05,0.0002145364081159588,0.00040490738238011794,9.153651740921404e-09,753.7688442211055,7.96e-06,0.4926312757756024,0.49770290964777947,0.05726832293110068,0.5646490041878697,1.088e-05,0.9139998612351602,0.22970903522205205
Low_C14_P1_10,C14,Low,339.829,5.203764653589951,20.46757688792914,0.07602185955753002,0.9811504831761605,0.6723262767038647,1.5450633228181525,6.313163623770235e-05,0.00020724709762460675,0.0003766103963787917,1.3645976767362136e-08,740.7407407407408,8.1e-06,0.4892923365573773,0.3828483920367534,0.05911763361830409,0.5632001307350366,1.096e-05,0.914457801423439,0.22970903522205205
Low_C14_P2_05,C14,Low,339.829,5.268978522537248,19.452945300303956,0.07562206981304702,0.9917025942948955,0.6810863784948059,2.2411834257874554,5.088093210083008e-05,0.000183133964127626,0.00035220958732090857,8.662180378947181e-09,767.2634271099745,7.82e-06,0.48955497809723364,0.22970903522205205,0.05209059824611827,0.5893526078282502,7.019999999999999e-06,0.9093227085613658,0.3828483920367534
Low_C14_P2_10,C14,Low,339.829,5.2916158536844105,19.220572090566655,0.07677947581393008,0.9901750763278051,0.6743201420753414,3.3459700086266997,5.281872965689298e-05,0.00020775741776410083,0.00035758800721462174,7.388724671276953e-09,769.2307692307693,7.8e-06,0.49245407783023026,0.22970903522205205,0.05279656338942662,0.5771856265897451,7.04e-06,0.9104951252846282,0.3828483920367534
Low_C14_P3_05,C14,Low,339.829,5.248804910755337,19.048281469957537,0.0758240315132634,0.9861730440312285,0.6728746104403608,2.5383482716965133,5.225616871932284e-05,0.0001879094969508306,0.00035046547003490206,1.1794052351213243e-08,724.6376811594203,8.28e-06,0.5022785958558016,0.3828483920367534,0.056943265705599336,0.5870686920204145,7.42e-06,0.9128401617724723,0.22970903522205205
Low_C14_P3_10,C14,Low,339.829,5.231936735890735,20.961077101012418,0.07574592304955834,0.9878332287157271,0.6703010849711888,2.4813159327609355,5.163749870639927e-05,0.000170548209285471,0.00033378863541876644,9.970745974077101e-09,738.9162561576354,8.12e-06,0.4950092343708162,0.3828483920367534,0.05593730424021681,0.5701227007358272,7.42e-06,0.9116453166020181,1.569678407350689
Low_C14_P4_05,C14,Low,339.829,5.207082629498305,20.93570186928172,0.076175087384891,0.9827844475039689,0.6774732645821132,3.686284610669876,6.0826758453454274e-05,0.00023473172318420134,0.00041017433707832713,8.771878526326535e-09,707.5471698113207,8.48e-06,0.49205965449012395,0.4594180704441041,0.058912189902340456,0.5659374174317846,9.44e-06,0.9148724754982341,0.22970903522205205
Low_C14_P4_10,C14,Low,339.829,5.1088828928985,22.330597811264102,0.07635432391945532,0.992316660652653,0.668727713505,5.274635095764031,6.0308001981015815e-05,0.00026765972531958164,0.00042791502864955285,1.2450924381724218e-08,704.2253521126761,8.52e-06,0.49139438445113276,0.4594180704441041,0.053761046103042096,0.5887956173248527,7.66e-06,0.9063316239007625,1.4931087289433382
Low_C14_P5_05,C14,Low,339.829,5.200712154764624,20.562964259248698,0.07539146593635448,0.9914013037803198,0.6749196765415357,1.4557121328608664,5.1785172604749286e-05,0.00017185384457444746,0.00033273630636956777,1.2088688346506537e-08,769.2307692307693,7.8e-06,0.49594670814915953,0.3828483920367534,0.05266228755828763,0.560043688611712,7.22e-06,0.9067394777228709,0.22970903522205205
Low_C14_P5_10,C14,Low,339.829,5.187334008206272,20.299766579976023,0.07628844914433108,0.9906222064088934,0.6772674008867114,1.6239907496109502,5.179622624402256e-05,0.00016740025797673026,0.0003271997744341956,1.147233629832063e-08,746.268656716418,8.04e-06,0.49030745266577563,0.3828483920367534,0.053931632792904825,0.5855503426981091,8.939999999999999e-06,0.9087160063828471,0.22970903522205205
Low_C14_P6_05,C14,Low,339.829,5.05836313985312,19.875569831035595,0.07551984000998085,0.9922322750642185,0.6817916662541327,3.2398641770526906,5.306984765379552e-05,0.0001895014098107943,0.000364244749979992,1.0872644872825057e-08,692.8406466512702,8.66e-06,0.5003878739884141,0.34456355283307805,0.0537230123032604,0.5651688952047524,9.679999999999999e-06,0.9092469025586931,1.5313935681470137
Low_C14_P6_10,C14,Low,339.829,5.009714320068267,20.098875222867182,0.07578803280583654,0.9918466097312499,0.6799508996324449,5.3743297797981775,5.550623808815235e-05,0.00023223980098778526,0.00040742223287462806,7.54723110835411e-09,694.4444444444445,8.64e-06,0.4979321140250332,0.34456355283307805,0.055412657367656035,0.5657357973744725,7.8e-06,0.9089456555421197,1.569678407350689
Low_C14_P7_05,C14,Low,339.829,5.247792883759542,19.71433996738537,0.07669639474158094,0.9964996860057905,0.67610605183822,1.097487572106954,4.854204866411404e-05,0.0001530288086682124,0.00029158471572256737,6.624710372178177e-09,724.6376811594203,8.28e-06,0.49724855922265365,0.3828483920367534,0.05464744812935691,0.5633597267649336,9.08e-06,0.9040959455548285,0.22970903522205205
Low_C14_P7_10,C14,Low,339.829,5.223002021617303,18.165491532564644,0.07531585629132366,0.9938427891483339,0.6756884743709054,1.3084918060332331,4.5882521208473135e-05,0.00016019753421712827,0.0003184249605235476,8.054276266170688e-09,5000.0,1.2e-06,0.49976459244621696,0.49770290964777947,0.053987057815308874,0.5725834266054365,9.299999999999999e-06,0.9046367977926433,0.22970903522205205
Moderate_C6_P1_01,C6,Moderate,346.884,4.408711686991414,25.26485103879526,0.07403363366175142,0.9335901083936141,0.6785114162398216,7.772764887172409,6.836185185947823e-05,0.0003399946590125811,0.0005188953151376881,4.726294579327022e-09,1477.8325123152708,4.06e-06,0.4863463302966791,0.4594180704441041,0.05757665231364724,0.5154633946650127,1.5199999999999998e-06,0.8853174444605835,0.30627871362940273
Moderate_C6_P1_02,C6,Moderate,346.884,4.482480279655563,26.104179644223557,0.07633652197830927,0.9535602613097981,0.6799440758320003,5.940845334578386,6.660593959392376e-05,0.0003119973246558763,0.0005055211546621888,3.734948948888531e-09,1456.3106796116504,4.12e-06,0.48597674545875197,0.4594180704441041,0.05961919717835414,0.5313438117788546,2.12e-06,0.8801118796770487,0.30627871362940273
Moderate_C6_P1_03,C6,Moderate,346.884,4.452171775213906,24.471567983647446,0.07789078093242645,0.9272259409726356,0.6842717404262979,5.980837683596061,6.417145014107218e-05,0.00029307352193404696,0.0004862265335917866,3.5244376142105158e-09,1470.5882352941178,4.08e-06,0.4854555781670159,0.4594180704441041,0.05823508156511688,0.5478535302600095,2.1800000000000003e-06,0.8803221215724836,0.7656967840735068
Moderate_C6_P1_04,C6,Moderate,346.884,4.558353699022816,25.883629489229353,0.07479396938103929,0.9580777156551238,0.6801363933184013,7.4618332317665566,6.366028860948726e-05,0.0003206765638573475,0.0004936640356553608,3.796776694233151e-09,1463.4146341463415,4.1e-06,0.48297619979135936,0.4594180704441041,0.05956419137842676,0.5291154878613155,1.5199999999999998e-06,0.8902743636801436,0.30627871362940273
Moderate_C6_P1_05,C6,Moderate,346.884,4.475126484315591,25.11375212317575,0.07844822657684757,0.9584065244657588,0.6834212486339245,6.042796238008545,6.649511666072312e-05,0.00031574335218245773,0.0004818729037495508,6.966498111442482e-09,1463.4146341463415,4.1e-06,0.48485116718259774,0.4594180704441041,0.059247243618010835,0.5579594997121182,2.0000000000000003e-06,0.8874217558076555,0.30627871362940273
Moderate_C6_P1_06,C6,Moderate,346.884,4.42926323276776,27.39054104255173,0.07993727752245436,0.9055292833469404,0.6781190785284953,7.335430456291929,6.350242337318166e-05,0.0003217821569496606,0.0005138448207380529,4.039161389915313e-09,1463.4146341463415,4.1e-06,0.4870951154629172,0.4594180704441041,0.05813521369810117,0.49059051272903054,1.6e-06,0.8759086157497293,0.8039816232771821
Moderate_C6_P1_07,C6,Moderate,346.884,4.447880884818325,24.734518744721747,0.07794947688337732,0.9580821121119919,0.6819005101788216,6.274488839647775,6.344801976381223e-05,0.0003032029320441701,0.00048650675930306237,5.026708846271343e-09,1449.2753623188405,4.14e-06,0.4867433867451369,0.4594180704441041,0.057652522934096395,0.5322481561385954,2.1199999999999996e-06,0.8834034363700137,0.30627871362940273
Moderate_C6_P1_08,C6,Moderate,346.884,4.4805455575855895,26.028670353002383,0.076161502490313,0.940663690603848,0.6763714108159582,7.7831096258977865,6.37777132407898e-05,0.00033545779547809295,0.0004965998177101184,3.8560947023736025e-09,1470.5882352941178,4.08e-06,0.48508609567224487,0.4594180704441041,0.060047663663182566,0.49145066282052274,6.399999999999998e-07,0.8779792316846624,0.30627871362940273
Moderate_C6_P1_09,C6,Moderate,346.884,4.447710626026176,25.646526198528584,0.07401196310185186,0.9548363836837892,0.6820999536172893,7.348459527279987,6.420000223924658e-05,0.00031967734676646687,0.0004838873288612671,3.624327743303955e-09,1463.4146341463415,4.1e-06,0.48384385166883553,0.4594180704441041,0.060152683406056846,0.5143049355114153,1.2200000000000002e-06,0.8803260760662373,0.30627871362940273
Moderate_C6_P1_10,C6,Moderate,346.884,4.428264777985703,25.90649727007161,0.07883422288640039,0.9229991357990518,0.6774364927874693,7.530613096512267,6.35130308013004e-05,0.00032474952266754975,0.0005120801286468699,2.2862104765537048e-09,1463.4146341463415,4.1e-06,0.482586965150965,0.4594180704441041,0.05923408214352247,0.5133384057596272,1.5399999999999997e-06,0.8777702461279488,0.30627871362940273
Moderate_C6_P2_01,C6,Moderate,346.884,4.379856569771632,25.30129023204488,0.08028500011158435,0.8876307971349842,0.7034338811105065,9.757297408497546,4.4396820476352576e-05,0.00025779008751154996,0.00041189562279281505,4.356099101771774e-09,1382.4884792626729,4.34e-06,0.5110002645022851,0.7274119448698315,0.04909323260052215,0.45278463671377095,2.0599999999999998e-06,0.9299205203012134,0.9571209800918835
Moderate_C6_P2_02,C6,Moderate,346.884,4.364392957115096,24.33600830628373,0.07886968653401137,0.9025433736041935,0.704372091735566,9.348028534219532,4.5357724385998864e-05,0.00026491961874429686,0.0004244701638258877,6.912735888896796e-09,1376.1467889908258,4.36e-06,0.5066576940222892,0.7274119448698315,0.0495286257829004,0.47390690521153256,8.600000000000002e-07,0.926629590722295,0.1914241960183767
Moderate_C6_P2_03,C6,Moderate,346.884,4.397293042617125,24.957233306060647,0.07724535922801445,0.9041534340938819,0.7068421747041622,7.500220486377797,4.5419212294274994e-05,0.00024115973860715467,0.0004171868179019212,3.3457764722335037e-09,1376.1467889908258,4.36e-06,0.5168924058434937,0.7274119448698315,0.04933507527642454,0.47495135126644167,2.2399999999999997e-06,0.9281026435457158,0.1914241960183767
Moderate_C6_P2_04,C6,Moderate,346.884,4.355577536000927,23.255756475683683,0.07798262754599283,0.9105696583981551,0.7067210372403375,8.127273571762776,4.5868721179813325e-05,0.0002523786299380339,0.0004147611633484613,5.707062932164929e-09,1376.1467889908258,4.36e-06,0.5112792883934406,0.7274119448698315,0.048209651792958906,0.4980193094133929,2.14e-06,0.9280619823811622,0.1914241960183767
Moderate_C6_P2_05,C6,Moderate,346.884,4.464143340921539,24.449746900654898,0.07962082458224977,0.9194828058603248,0.7062273392607235,9.493352485273817,4.315793987814701e-05,0.0002508287752066004,0.0004081114370915707,3.285181704353245e-09,1376.1467889908258,4.36e-06,0.5146564209407963,0.7274119448698315,0.0475126603939689,0.4569413741829548,8.200000000000002e-07,0.9291449520154687,0.9571209800918835
Moderate_C6_P2_06,C6,Moderate,346.884,4.379643535551557,23.82897683377039,0.07942833163979209,0.9026776003479693,0.7043569850745527,8.770132396763982,4.146451493678027e-05,0.00023912574551234446,0.0004002447111261199,3.36961699421567e-09,1376.1467889908258,4.36e-06,0.5104123350027437,0.7274119448698315,0.05098321876775691,0.41648868596780364,8.600000000000002e-07,0.9263204075279808,0.9571209800918835
Moderate_C6_P2_07,C6,Moderate,346.884,4.3959001496096715,22.780284126589105,0.08084749451312262,0.9114307040854629,0.7035772685745272,7.202841042273308,4.5035279736140256e-05,0.00023441231814251977,0.0004038440372368515,3.4370233904416084e-09,1369.86301369863,4.38e-06,0.5048410110205716,0.7274119448698315,0.05009804101098823,0.5224554958034618,2.2799999999999998e-06,0.9276600957815401,0.1914241960183767
Moderate_C6_P2_08,C6,Moderate,346.884,4.379366630464664,23.31863348057805,0.0803032616538966,0.9100164950440585,0.701958330825046,8.183963075792866,4.484713627012515e-05,0.0002500619840685553,0.0004267495507885618,4.4657370549011905e-09,1376.1467889908258,4.36e-06,0.5091108738118395,0.7274119448698315,0.0515201463239299,0.4209921895168267,2.1599999999999996e-06,0.9250968810509971,0.9571209800918835
Moderate_C6_P2_09,C6,Moderate,346.884,4.343017339322841,25.514578658592775,0.07844616184275335,0.9190799729476516,0.7087539502433728,9.964042557558779,4.2907045727798956e-05,0.00025088660905379527,0.00041435458940637833,5.747522932854305e-09,1376.1467889908258,4.36e-06,0.5105868009071819,0.7274119448698315,0.04653272203848862,0.4918935675869074,8.4e-07,0.9234542034590809,0.9571209800918835
Moderate_C6_P2_10,C6,Moderate,346.884,4.365103729257069,24.898061473903127,0.07721479241189462,0.9170487825576868,0.7055834713046785,10.133534724688001,4.289944410767665e-05,0.0002555318007457558,0.00042709862520618754,5.36383993089193e-09,1376.1467889908258,4.36e-06,0.5137119444699161,0.7274119448698315,0.049152969879074755,0.442851654515627,2.1e-06,0.9249495967045174,0.9571209800918835
Moderate_C6_P3_01,C6,Moderate,346.884,4.304211735976635,23.434695120896286,0.0640619519820404,0.927695562311983,0.6559024054038848,7.283605085744718,3.629411246048653e-05,0.0001940303714935741,0.0003318069296540753,6.944842162865516e-09,1639.344262295082,3.66e-06,0.5020918476493438,0.8805513016845329,0.040391579046116975,0.49447118884755403,1.8000000000000001e-06,0.8984707284587923,0.22970903522205205
Moderate_C6_P3_02,C6,Moderate,346.884,4.396963672932823,23.9342594209413,0.06308326395106059,0.9321631580476234,0.65607243506745,8.30856468974107,3.6479823092823636e-05,0.00020726350072587673,0.0003333096382517433,3.6642842412710213e-09,1630.4347826086957,3.68e-06,0.4914437879591423,0.8805513016845329,0.039984476897897574,0.462815471299915,1.76e-06,0.9005646804910847,1.14854517611026
Moderate_C6_P3_03,C6,Moderate,346.884,4.385702017388438,23.22722005361458,0.06478403146977826,0.9354263223000168,0.6601330139024049,8.015205306791813,3.7350768461558316e-05,0.00020908996402895432,0.00035446477154872386,3.4171895158830516e-09,1639.344262295082,3.66e-06,0.4989140622970995,0.22970903522205205,0.04021017918551613,0.4903274005827638,8.200000000000002e-07,0.8963202721890143,0.8805513016845329
Moderate_C6_P3_04,C6,Moderate,346.884,4.337884253519712,23.451037641879754,0.06351621195183585,0.9250920652510989,0.6620505081432779,8.789202587485157,3.850139341442964e-05,0.00022187254079550375,0.0003736053050993129,4.544845815428841e-09,1630.4347826086957,3.68e-06,0.49683155374355664,0.22970903522205205,0.04450403433398105,0.464193454349073,8.200000000000002e-07,0.8954763880470211,0.8805513016845329
Moderate_C6_P3_05,C6,Moderate,346.884,4.258721167051861,22.61742767729812,0.06325843910030987,0.9259595800577559,0.6586741998080297,5.07104063985661,3.720540803990474e-05,0.00018036049501156048,0.00033534852745933594,4.2973545170355176e-09,1612.9032258064517,3.72e-06,0.4917102757774868,0.8805513016845329,0.04421376156608762,0.45088077641880175,1.8399999999999997e-06,0.8934517793620202,0.22970903522205205
Moderate_C6_P3_06,C6,Moderate,346.884,4.304757913708434,23.926025340916503,0.06317537102270959,0.9398749666145698,0.657961208757986,7.8716257669247,3.7930757880058886e-05,0.0002055838090228178,0.00034293681010284967,3.991120493613791e-09,1630.4347826086957,3.68e-06,0.49930204658039573,0.8805513016845329,0.04090295944539578,0.4973705927113385,1.8000000000000001e-06,0.8964242126256308,1.14854517611026
Moderate_C6_P3_07,C6,Moderate,346.884,4.256850566061672,22.707009998541693,0.06339111442684416,0.9252852607220912,0.6624002818386362,6.575650394439119,3.632053365211662e-05,0.00018523949501186764,0.00033662874757701424,5.691325255850038e-09,1621.6216216216217,3.7e-06,0.4949850289462367,0.8805513016845329,0.04408356666058617,0.45523137560631055,1.8599999999999996e-06,0.8965835500313815,1.14854517611026
Moderate_C6_P3_08,C6,Moderate,346.884,4.2844451228120475,22.479456204745503,0.06450125351700929,0.9374151481647902,0.6503680675773482,7.362707574950532,3.60030223685953e-05,0.00019124905972515993,0.000334901843235515,3.990776876776231e-09,1630.4347826086957,3.68e-06,0.4980080736180447,0.8805513016845329,0.03442744443685205,0.48337979980729096,1.82e-06,0.8964581924000419,0.22970903522205205
Moderate_C6_P3_09,C6,Moderate,346.884,4.311572297810371,23.144316192901464,0.06399784346328433,0.9441234091709115,0.6540841814319948,7.0554484395475985,3.841432494153216e-05,0.0002041392416728242,0.0003688965353387016,5.416640911144233e-09,1612.9032258064517,3.72e-06,0.4927765276869653,0.8805513016845329,0.03983683267090252,0.49956606331389464,1.76e-06,0.8950814702057728,0.22970903522205205
Moderate_C6_P3_10,C6,Moderate,346.884,4.3090917474594175,24.17736717122887,0.06215206310602845,0.9085931465018944,0.6585734597844828,8.19008081172953,3.670692387110511e-05,0.00020983814260008783,0.00034288028376419036,4.566796880744075e-09,1630.4347826086957,3.68e-06,0.4930398285699417,0.9188361408882082,0.042567241282083466,0.47935886948564727,1.76e-06,0.8952709132292734,1.14854517611026
Moderate_C6_P4_01,C6,Moderate,346.884,4.272472617929335,24.96236332346902,0.0719808294355773,0.9469262426475532,0.6711731690993182,9.070349357494042,4.2311870538758696e-05,0.00022794391360438115,0.00041039178839104176,5.050105301456593e-09,1522.8426395939084,3.94e-06,0.5113832642176415,0.6125574272588055,0.05757425359105294,0.4794999513554715,9.8e-07,0.8732626992312096,0.8039816232771821
Moderate_C6_P4_05,C6,Moderate,346.884,4.385079243416563,24.81522078138482,0.07069117405682893,0.9497483960490465,0.6735676070968241,11.56727983978862,3.931925976925849e-05,0.0002280647738684922,0.00039915350417758956,3.264021392540596e-09,1530.6122448979593,3.92e-06,0.5153904116119071,0.6125574272588055,0.05935142985907921,0.4430578796098185,9.200000000000001e-07,0.8743539502399027,0.8039816232771821
Moderate_C6_P4_10,C6,Moderate,346.884,4.266419887917739,23.460398915568625,0.0738285290901186,0.9524151165167443,0.6701769538910475,7.232725152198693,4.128271412449809e-05,0.00020968053633818096,0.0003887136350513544,2.109350897312865e-09,1522.8426395939084,3.94e-06,0.5104747748247958,0.6125574272588055,0.05791803502114938,0.3981091890769231,9.599999999999997e-07,0.8771216036530547,1.0719754977029097
Moderate_C6_P5_01,C6,Moderate,346.884,4.280688493473221,24.03173426068232,0.06249964296090845,0.9028868371215545,0.6644782742002233,4.49813017150146,4.4361780538532555e-05,0.00020516491682351937,0.00039428861799845473,5.168571417787705e-09,1675.977653631285,3.58e-06,0.5001146800323858,0.9188361408882082,0.04450823090769401,0.39254161170343577,2.7799999999999996e-06,0.9208689662998767,0.22970903522205205
Moderate_C6_P5_02,C6,Moderate,346.884,4.277526637029918,22.88533512123806,0.061561230984421345,0.9188528005111488,0.6656078795521428,5.5562340192243695,4.0758141800817526e-05,0.00019601318325099837,0.00038132783378440186,6.284690564214837e-09,1685.3932584269664,3.56e-06,0.4951028674112393,0.9188361408882082,0.044235243415857495,0.37380211409640396,2.76e-06,0.9184651104343031,0.30627871362940273
Moderate_C6_P5_03,C6,Moderate,346.884,4.3067495513242005,24.902024455737294,0.06274750784692684,0.9082723155295802,0.6626334535275754,5.7382365686209145,4.280472578925368e-05,0.00021312453455476908,0.00039420628809039494,6.096706681121291e-09,1675.977653631285,3.58e-06,0.5006903933984923,0.9188361408882082,0.04561996879780206,0.4508830993684868,2.7000000000000004e-06,0.9210923977814527,0.22970903522205205
Moderate_C6_P5_04,C6,Moderate,346.884,4.2934543569957615,24.3888083966121,0.05883428075629273,0.9006018000642644,0.658833000028415,5.662620203752979,4.23088489878843e-05,0.00019813374753822907,0.00039563702281658294,6.270217284466328e-09,1948.051948051948,3.08e-06,0.49387754479339757,0.22970903522205205,0.03762954295737769,0.39505748608432995,2.8000000000000003e-06,0.9235488593305196,0.9188361408882082
Moderate_C6_P5_05,C6,Moderate,346.884,4.296549806075282,23.528502059349425,0.061907431511409323,0.9116554753954258,0.6615922230833186,4.974896174428795,4.291399017062976e-05,0.00019851728122022302,0.0003905112064706938,4.29990076677208e-09,1675.977653631285,3.58e-06,0.5010663156963272,0.9188361408882082,0.04429972315204574,0.38595424622889574,2.82e-06,0.9193058425870608,0.22970903522205205
Moderate_C6_P5_09,C6,Moderate,346.884,4.293431192812187,23.654851225063553,0.057790285523730556,0.9046013524499026,0.6569940978637226,5.1767555549747115,4.328746156882263e-05,0.0002077200768934875,0.00038673459910498363,5.2442181478188105e-09,1675.977653631285,3.58e-06,0.4976941393641983,0.9188361408882082,0.03595945483697248,0.4029930330314253,2.6799999999999998e-06,0.9180727217937198,0.22970903522205205
Moderate_C6_P5_10,C6,Moderate,346.884,4.220504243315221,23.460933471571344,0.056160804588104574,0.9100970735133393,0.6618825591456057,6.252184881312878,4.3728941944780576e-05,0.0002159473885657919,0.00041710606971225766,6.296636106700327e-09,1675.977653631285,3.58e-06,0.4959700700497047,0.9188361408882082,0.036702595214163865,0.4060231184630077,2.66e-06,0.9181984872303552,0.22970903522205205
Moderate_C7_P1_05,C7,Moderate,355.144,5.791846345893541,23.982112535372536,0.07261292008465546,0.9086669290622696,0.7054712179511334,3.4554751763370897,4.775259750177996e-05,0.00020022584003179816,0.00037006163580667357,5.804660545938078e-09,1515.151515151515,3.96e-06,0.4973133115299262,0.8039816232771821,0.05911512070020921,0.46651446832573024,3.8400000000000005e-06,0.8703791596592155,0.1914241960183767
Moderate_C7_P1_10,C7,Moderate,355.144,5.735045499678297,22.082636048795422,0.07630576828730061,0.8968061881563826,0.7056013744359627,4.19674242600603,4.3715400808942274e-05,0.00018447641129584112,0.0003491834546508304,5.343852192230839e-09,1694.915254237288,3.54e-06,0.48597784472071986,0.8039816232771821,0.05984116380786464,0.4950378685894512,2.1599999999999996e-06,0.8678661712658512,0.1914241960183767
Moderate_C7_P2_05,C7,Moderate,355.144,5.621742794477191,21.347526731790026,0.0692886064536887,0.8594478023947173,0.675584684150474,3.1755062891369104,4.4127254605802966e-05,0.00018141859584610187,0.0003419840290681041,3.4631082427414578e-09,1764.7058823529412,3.4e-06,0.4805771239971856,0.8422664624808575,0.06229573100784098,0.40797547218053726,5.060000000000001e-06,0.8645864465983927,0.22970903522205205
Moderate_C7_P2_10,C7,Moderate,355.144,5.678349120348683,20.16965548398657,0.06397406707961416,0.8712839740087104,0.6743432622522683,2.444180074014495,4.494440794021463e-05,0.00019197529173408797,0.00033496736993931305,3.3494452287154943e-09,1764.7058823529412,3.4e-06,0.4858783031883236,0.22970903522205205,0.056457322263139015,0.39004500549513976,3.9e-06,0.8660162473078479,0.8422664624808575
Moderate_C7_P3_05,C7,Moderate,355.144,5.471321339452091,24.183583919896297,0.0642809045959588,0.9485322685502959,0.6701830642647965,6.494796266863499,5.090088761848136e-05,0.00027535548970731227,0.0004767761164710867,5.449778601415675e-09,1578.9473684210527,3.8e-06,0.4973508952429079,0.8805513016845329,0.045850577312124136,0.46804641317499784,8.999999999999999e-07,0.8851887953010761,0.6508422664624809
Moderate_C7_P3_10,C7,Moderate,355.144,5.474533591153103,23.865142301216757,0.06769617830449558,0.9411487572194637,0.6689669654836089,6.665839447598799,5.115429625840543e-05,0.00027150308748144107,0.0004772198769078527,4.550015677054098e-09,1578.9473684210527,3.8e-06,0.5000117007927002,0.8805513016845329,0.0491579982604058,0.4666878561647301,9.399999999999999e-07,0.8854753608980781,0.6508422664624809
Moderate_C7_P4_05,C7,Moderate,355.144,5.537543165710678,21.969841827053493,0.06816222391684078,0.8907658399179507,0.6846270341956782,5.630249715424766,3.864296006252587e-05,0.00017054598061193034,0.0003375256433453433,4.8845391458956505e-09,1500.0,4e-06,0.5121207429661176,0.1914241960183767,0.057762523990908095,0.5265885572683529,2.4199999999999997e-06,0.8668393300420124,0.8422664624808575
Moderate_C7_P4_10,C7,Moderate,355.144,5.478114852749433,22.922125692751703,0.0671680819282447,0.8807982114037157,0.6894344073978431,5.895861535095355,3.8311319443236206e-05,0.00018959409340795012,0.00035466386757908547,3.939087993088289e-09,1485.148514851485,4.04e-06,0.5164518203353993,0.2679938744257274,0.05895423791718963,0.4070143426011124,2.34e-06,0.8682089656899182,0.6125574272588055
Moderate_C7_P5_05,C7,Moderate,355.144,5.582178584950044,20.903059439119932,0.06346507421786397,0.9711794910832932,0.6805840595263368,2.7651517792632525,4.596971912164672e-05,0.00018451715970063342,0.00033087175427177205,3.895604004220234e-09,1973.6842105263158,3.04e-06,0.4942588737522422,0.22970903522205205,0.04964639172928493,0.4500613494012537,4.04e-06,0.9008171825879367,0.8805513016845329
Moderate_C7_P5_10,C7,Moderate,355.144,5.437170062580392,21.40816181465775,0.06561882611178567,0.9699750742964294,0.6780271580994655,2.2980772188460117,4.38246653835468e-05,0.00016429474716875929,0.0003154166447541574,4.522371400108055e-09,1935.483870967742,3.1e-06,0.49656201482915646,0.22970903522205205,0.05005037370949663,0.4902592442589802,4.1e-06,0.8926305317354049,0.9188361408882082
Moderate_C7_P6_05,C7,Moderate,355.144,5.250588073142387,21.326562870011166,0.07991597210448254,0.8588278564979984,0.7090555192985685,3.1452300405696665,3.753988765748384e-05,0.00014711657375473272,0.00029284612040329723,3.5452304804406116e-09,1714.2857142857144,3.5e-06,0.5000078229173343,0.1914241960183767,0.056844940458072736,0.49407272327648816,4.04e-06,0.8632212845023999,0.8039816232771821
Moderate_C7_P6_10,C7,Moderate,355.144,5.436080963837326,20.508690355457926,0.07902986180072391,0.8539800363919096,0.7028040937182621,3.238634303530908,3.788468828982964e-05,0.00017191676636820684,0.00029388063801622573,4.809441508669242e-09,1724.1379310344828,3.48e-06,0.5049659627778867,0.1914241960183767,0.059486330999467416,0.5157006478285995,3.6599999999999997e-06,0.8591510666314452,0.8039816232771821
Moderate_C15_P1_03,C15,Moderate,417.843,4.629952853082888,9.48709628281313,0.0752631528262655,0.9916167482573803,0.6847335389645864,-0.23962443132466804,0.00013927628913725223,0.0003295384993355377,0.0005949858814362612,9.145443513614352e-09,530.035335689046,1.132e-05,0.4885439395600244,0.1914241960183767,0.05352055832846351,0.583660682673299,1.716e-05,0.8895846829674919,0.3828483920367534
Moderate_C15_P1_05,C15,Moderate,417.843,4.62456929665911,10.218485014542612,0.07378985795356753,0.9966628976741504,0.6815617101880325,-0.26480710365056925,0.00013309934604117458,0.00030993469107055293,0.000587026414879217,8.68313027756165e-09,519.9306759098787,1.154e-05,0.4889523536479155,0.1914241960183767,0.0542019788831811,0.538524164321258,1.708e-05,0.8984555056311526,0.3828483920367534
Moderate_C15_P1_10,C15,Moderate,417.843,4.65412189596605,9.939271120751258,0.07414860080235527,0.9969453981582361,0.689177354167894,-0.4408405824544528,0.00013259608702255086,0.00028549352962032004,0.0005623704644412122,1.1631384932386934e-08,519.0311418685121,1.156e-05,0.4872577625855886,0.1914241960183767,0.05490507656063977,0.5631550405220109,1.726e-05,0.8972019609807891,0.42113323124042873
Moderate_C15_P1_09,C15,Moderate,417.843,4.60659475428733,10.003967678459675,0.07555130958478284,0.9881466302942454,0.6844676314119328,-0.3223190311457427,0.0001316486846123446,0.0002940768925813343,0.0005476730187053693,1.237095718218007e-08,519.0311418685121,1.156e-05,0.4883267737034296,0.1914241960183767,0.054580179335406355,0.5985084475784807,1.684e-05,0.8880117290569435,0.42113323124042873
Moderate_C15_P2_01,C15,Moderate,417.843,4.79253800819542,18.627641104122002,0.07809105589857931,0.9950788265091924,0.6806558317773047,-0.1410946577634573,4.757727987734471e-05,0.00012868745200926812,0.00022172448130509785,1.4076033193648223e-08,5000.0,1.2e-06,0.5052957617137017,0.1914241960183767,0.049521443271254684,0.5676254145737704,1.6680000000000003e-05,0.8983412835124307,0.3828483920367534
Moderate_C15_P2_03,C15,Moderate,417.843,4.86523730628663,18.21248629098251,0.07531908882824412,0.9911620214758148,0.6831688819947557,-0.1724856774910113,4.693541890873671e-05,0.0001345078848656745,0.00022380491919097017,8.313925149531248e-09,354.6099290780142,1.692e-05,0.5040655219802735,0.1914241960183767,0.053355596804928594,0.5807090807273251,1.6740000000000002e-05,0.8885108448238461,0.3828483920367534
Moderate_C15_P2_06,C15,Moderate,417.843,4.816540487472333,17.408744152029755,0.0747600588560434,0.9718342216335545,0.6818628557168578,0.17761349995575282,4.81709596794189e-05,0.0001431101117290546,0.00023800067584195644,9.38133304013973e-09,348.83720930232556,1.72e-05,0.501652551309253,0.1914241960183767,0.047109754146426625,0.5652766407381752,1.686e-05,0.8953618366052901,0.3828483920367534
Moderate_C15_P2_10,C15,Moderate,417.843,4.773108445339695,18.54688274605805,0.07492793963449623,0.9893135647696459,0.6808192344247932,-0.2525370262119706,4.595543946887368e-05,0.00012918639934098624,0.00021348780848750486,6.595892264316787e-09,884.9557522123894,6.78e-06,0.5029323135915901,0.1914241960183767,0.05061120780494788,0.5856199454304154,1.684e-05,0.8939629674357551,0.3828483920367534
Moderate_C15_P3_01,C15,Moderate,417.843,4.688722609858917,19.25749885410478,0.08144149281607224,0.9939343942746642,0.6833379166061438,-0.1308658507223579,0.00012771879612423603,0.0003119751422602836,0.0005826436443120189,7.374108297697596e-09,337.0786516853933,1.78e-05,0.48894562449486145,0.1914241960183767,0.05429080811131229,0.5760499311036882,1.2260000000000001e-05,0.8942160440480363,0.3828483920367534
Moderate_C15_P3_05,C15,Moderate,417.843,4.6843470847390885,18.099178980789034,0.0773180715855693,0.9943062652161081,0.6808846224402357,-0.4018063069261113,0.00011679481814193423,0.00026191103911963595,0.0004807139043830652,9.538037235450806e-09,338.6004514672686,1.772e-05,0.49175972643285376,0.1914241960183767,0.05528745963031019,0.5815306937299146,1.242e-05,0.890455312415811,0.3828483920367534
Moderate_C15_P3_10,C15,Moderate,417.843,4.704995924310377,18.669127724023422,0.07693641639887668,0.9912210306663837,0.6779459491336794,-0.3769752290038264,0.00011949397438591569,0.0002606152570412694,0.000500457604532612,6.086917368530209e-09,331.12582781456956,1.812e-05,0.48919252701647625,0.1914241960183767,0.0547607077403524,0.5717732456577319,1.2640000000000001e-05,0.8964707977443067,0.3828483920367534
Moderate_C15_P3_12,C15,Moderate,417.843,4.693443556530902,19.519610933857393,0.07723645094218505,0.9806641489473146,0.6752904977088393,-0.3525355397921488,0.00012031410186133341,0.00026391575890793306,0.0005170778869186787,7.946644983519711e-09,337.0786516853933,1.78e-05,0.4870779747235022,0.1914241960183767,0.05416585546735391,0.5549226914718505,1.256e-05,0.8857953846286142,0.3828483920367534
Moderate_C15_P4_01,C15,Moderate,417.843,4.7751890833836494,13.853988234335032,0.07752320233970435,0.9948647205570481,0.6826355984373534,-0.17134679458670865,0.00012724388136066587,0.0003035288131761099,0.0005734726550753079,1.241257578900001e-08,588.2352941176471,1.02e-05,0.4980859969777538,0.1914241960183767,0.054135538020418504,0.5787341227698821,1.5759999999999998e-05,0.8964195316925442,1.799387442572741
Moderate_C15_P4_03,C15,Moderate,417.843,4.8164128233136845,13.840596297758719,0.07993610087435393,0.9889467562180012,0.6885227564269758,-0.1267671995077322,0.00012109365033434009,0.0002941872617384606,0.0005592020874373906,1.460137623606665e-08,578.0346820809249,1.038e-05,0.5028381740257356,0.1914241960183767,0.054561982267803476,0.5786668614080653,1.8840000000000003e-05,0.8888594345217982,1.7611026033690658
Moderate_C15_P4_09,C15,Moderate,417.843,4.75420442757096,14.489121873783677,0.07710443645312977,0.9945962343950115,0.684207058265919,-0.20019762902962324,0.00012233661719552582,0.00029535306307320827,0.0005531034705096537,1.121145376411172e-08,559.7014925373134,1.072e-05,0.5031217084416159,0.1914241960183767,0.053109015578227114,0.5708153268899029,1.874e-05,0.9034129316312528,1.684532924961715
Moderate_C15_P4_12,C15,Moderate,417.843,4.741974232889089,13.335658033243678,0.0761836063341756,0.9940059006691119,0.6839471904857591,-0.31017146724771383,0.00012280573487824563,0.00028773807263622614,0.0005593617975202122,1.226763444633e-08,564.9717514124294,1.062e-05,0.49919728716809375,0.1914241960183767,0.05491979920247994,0.5659619394728603,1.874e-05,0.8937759146221135,1.5313935681470137
Moderate_C15_P5_01,C15,Moderate,417.843,4.737889770098102,23.855813159548333,0.07652720991650194,0.9979997361016412,0.6817529113362693,3.297028660773891,0.00011389477996749579,0.00043486788531603795,0.0007284224668117829,7.972369691316493e-09,700.9345794392524,8.56e-06,0.4629163804525652,0.3828483920367534,0.05608384327218672,0.5868832746154885,4.26e-06,0.8942722482036357,0.15313935681470137
Moderate_C15_P5_05,C15,Moderate,417.843,4.717598116607369,23.060756897293963,0.07440234734080944,0.9941010133127602,0.6821853091417212,3.275230939954027,0.00011184135250864467,0.0004373572645402918,0.0007436856269499245,8.312086494126863e-09,704.2253521126761,8.52e-06,0.4638487185931927,0.3828483920367534,0.059041798424197746,0.5585221521454757,4.26e-06,0.9001749176608211,0.15313935681470137
Moderate_C15_P5_10,C15,Moderate,417.843,4.730219863354518,23.386998666100638,0.07712504221074695,0.9859733427428677,0.6745842067622775,2.913769465540793,0.00010848414371603656,0.00039752988517997336,0.0006991710429005272,1.539423267611663e-08,696.0556844547564,8.62e-06,0.46319474413071826,0.3828483920367534,0.055727747542122175,0.5566467501718521,4.4e-06,0.8855992346204103,0.22970903522205205
Moderate_C15_P5_12,C15,Moderate,417.843,4.722097228692123,23.602298537661973,0.07707961372158108,0.9956328054403737,0.6809155006230649,3.3520063593867606,0.0001107880614786726,0.00042356351495184485,0.0007217194642262538,9.642913573570423e-09,696.0556844547564,8.62e-06,0.46234952723766587,0.3828483920367534,0.05709647908527173,0.5600123362950309,4.28e-06,0.8929867375718454,0.15313935681470137
Moderate_C16_P1_01,C16,Moderate,440.387,4.750564374739268,22.28311771179392,0.07978874701366052,0.9956096176886746,0.676502804537504,4.535598286040003,9.313293002754848e-05,0.00037383327175525004,0.0006874789300287282,1.1073586667336043e-08,721.1538461538462,8.32e-06,0.4915035186555471,0.49770290964777947,0.05986390134493242,0.5734621194544328,3.56e-06,0.8955300970255824,0.22970903522205205
Moderate_C16_P1_05,C16,Moderate,440.387,4.7604584785714605,23.639718903559807,0.07794062503748742,0.9941567927742692,0.677532908027874,5.29099396907357,8.946592897909017e-05,0.00038051929564446806,0.0006697663450945229,6.021516124535115e-09,712.5890736342043,8.42e-06,0.49101677278948147,0.49770290964777947,0.058906836545129175,0.5595264687307814,2.58e-06,0.8943861139290223,0.22970903522205205
Moderate_C16_P1_10,C16,Moderate,440.387,4.819614698698314,23.388565266138563,0.07770447355706846,0.9976727660784782,0.6759518570836586,5.717669310268864,8.790501418311687e-05,0.0003831041429987578,0.0006643420972132082,1.3247725440742994e-08,715.9904534606206,8.38e-06,0.48974227164122,0.3828483920367534,0.059753417354237094,0.5722821429027556,2.6399999999999993e-06,0.904116245686325,0.22970903522205205
Moderate_C16_P2_01,C16,Moderate,440.387,4.812079841009612,21.076074859334394,0.07429213587835533,0.9904575443929416,0.662855460568392,1.4827767456306713,6.538338416311535e-05,0.00020751202373754302,0.00041159455988528233,1.0307975880756834e-08,702.5761124121781,8.54e-06,0.4949968261860232,0.34456355283307805,0.05478094852863737,0.5482567688539748,1.7860000000000002e-05,0.9041702406773662,0.49770290964777947
Moderate_C16_P2_05,C16,Moderate,440.387,4.89571473898698,20.10675410263621,0.07473957888183627,0.985278866272664,0.6605468067020476,1.4479720890526382,6.656486639572529e-05,0.00022140064567302434,0.0004349519185651323,7.632302815585673e-09,802.1390374331551,7.48e-06,0.49567939991276744,0.34456355283307805,0.05554887638360234,0.5556862336859468,1.204e-05,0.913690325944204,0.49770290964777947
Moderate_C16_P2_10,C16,Moderate,440.387,4.797226324489065,22.528051970640668,0.07638951952528338,0.9843601064084777,0.6649035625045052,2.1690668751935096,6.517755065958259e-05,0.00023754048248069906,0.0004554318005052583,1.253755574431438e-08,700.9345794392524,8.56e-06,0.4946651542423832,0.34456355283307805,0.05613921820484626,0.5456753476690878,1.7760000000000003e-05,0.9141102557137348,0.49770290964777947
Moderate_C16_P3_01,C16,Moderate,440.387,4.85747699690879,21.213926196139944,0.07226916444667626,0.991797033504479,0.6712778316325468,2.3022921569421015,6.560208316838203e-05,0.0002316533251890876,0.0004470493785803061,1.4126736373473297e-08,712.5890736342043,8.42e-06,0.48335123166574673,0.3828483920367534,0.05396858836966051,0.5724920119190662,7.76e-06,0.9002059440879285,0.15313935681470137
Moderate_C16_P3_05,C16,Moderate,440.387,4.805447371587962,21.403629445661636,0.07601378569992953,0.9785023740543364,0.6650229167005656,2.924334339102222,6.423257257723418e-05,0.00022630885246373514,0.0004511266599952329,1.0806729524922512e-08,842.6966292134832,7.12e-06,0.4880585335919822,0.49770290964777947,0.054316331363656205,0.568656694157145,7.62e-06,0.901465916023708,0.34456355283307805
Moderate_C16_P3_10,C16,Moderate,440.387,4.873481517457496,20.455821367827735,0.07582454160626961,0.9937125238758987,0.6698367783187024,2.717982451178483,6.154128505050073e-05,0.00021470663451197462,0.00041759530018447265,1.216624042090821e-08,704.2253521126761,8.52e-06,0.48925093239928563,0.49770290964777947,0.054435191281263354,0.5684297879776317,2.12e-06,0.8978252330212388,0.34456355283307805
Moderate_C16_P4_05,C16,Moderate,440.387,4.94570393931205,20.089143048942873,0.07610599518451806,0.9840612302074079,0.6793748391879699,5.07865519947152,6.097477531775011e-05,0.0002471397803954838,0.0004279312737933721,1.2278721909041712e-08,759.493670886076,7.9e-06,0.47918708755575046,0.3828483920367534,0.05484517556018586,0.5815729440552188,2.739999999999999e-06,0.8881997074488172,0.6508422664624809
Moderate_C16_P5_05,C16,Moderate,440.387,4.885059289613041,22.088547907723445,0.07457588331012971,0.9948624515512624,0.6766773748167841,1.124017695101653,7.131595531926386e-05,0.00022663555311059198,0.00043436405200280074,1.5566430441756008e-08,765.3061224489796,7.84e-06,0.4861965512342516,0.30627871362940273,0.05136082788378858,0.5823418834393286,9.46e-06,0.8954046329059159,0.15313935681470137
Moderate_C16_P6_05,C16,Moderate,440.387,4.773387793418935,27.270395688218926,0.07292682629519916,0.9771723036896959,0.6671038496889804,3.628668753358781,9.64125491978566e-05,0.00037926091795167927,0.0006797929921652647,9.853717057192154e-09,738.9162561576354,8.12e-06,0.4826381552500016,0.3828483920367534,0.052912737890745055,0.5837487951238012,2.8999999999999993e-06,0.8920076038464526,0.22970903522205205
High_C5_P1_01,C5,High,317.617,4.454255440141652,23.6542358602519,0.06084679321098074,0.984233576277132,0.6697221809476462,13.319001343342173,3.3701250733652266e-05,0.00022511427893920135,0.0003596567245719852,4.9145874116125476e-09,1546.3917525773195,3.88e-06,0.503366158761001,0.8805513016845329,0.05973968811182514,0.4209438751503095,7.399999999999997e-07,0.8918248223713346,0.6125574272588055
High_C5_P1_02,C5,High,317.617,4.491142432951065,25.77264785182304,0.06699679429066828,0.9813555938085418,0.66647187368659,11.446190505627596,3.790505741139051e-05,0.00024905278550023727,0.00036910075612497505,5.889071027073873e-09,1538.4615384615386,3.9e-06,0.49500382306967344,0.8805513016845329,0.06342768148462831,0.4623073888960436,3.199999999999999e-07,0.8874286635553429,1.0719754977029097
High_C5_P1_05,C5,High,317.617,4.4633460050176215,25.057128070512814,0.06837297816295186,0.9799149183091317,0.6696628285603408,20.433989172997343,3.300236310979927e-05,0.0002413482199850688,0.0003664949400940284,5.368596229037473e-09,1538.4615384615386,3.9e-06,0.5117629971847034,0.8805513016845329,0.06087440105754625,0.437463402319107,6.799999999999998e-07,0.8859928281948392,0.6125574272588055
High_C5_P1_09,C5,High,317.617,4.414451398390471,25.20752918997969,0.06705477400882379,0.9811592245792073,0.6696869344077543,13.324531043346205,3.505350400401116e-05,0.00023271881342667514,0.00036664104151132494,5.345214587551486e-09,1522.8426395939084,3.94e-06,0.5092862280687008,0.8422664624808575,0.06505814403758649,0.4208354449956744,1.0599999999999996e-06,0.8844402755704875,0.6125574272588055
High_C5_P1_10,C5,High,317.617,4.505973114974816,25.097574291013874,0.063058285472358,0.9924205524769762,0.6710481381825595,14.782959665150582,3.696607385951703e-05,0.00024410242965471686,0.0003923917503489016,2.588419435920147e-09,1530.6122448979593,3.92e-06,0.4994849724056496,0.8805513016845329,0.05813445409844508,0.40576205723392644,7.600000000000003e-07,0.8918911897322832,0.6125574272588055
High_C5_P1_01_rep2,C5,High,317.617,4.504346280143795,22.63972868329453,0.0787966637166003,0.9543484278613901,0.6857689804198883,3.5363834873415696,3.958475853245384e-05,0.00017874609278425134,0.00033524955777223094,5.211913285552597e-09,1485.148514851485,4.04e-06,0.5345640683628301,0.57427258805513,0.0654361725212877,0.473274527976669,5.98e-06,0.880617324501482,0.2679938744257274
High_C5_P1_02_rep2,C5,High,317.617,4.455781092633279,22.397996174595207,0.08011358203092456,0.9686778704575828,0.6852825455278944,4.684752376291914,3.887480338440037e-05,0.0001976164225990073,0.00034399541909989806,3.4105147607166517e-09,1485.148514851485,4.04e-06,0.5368823157196267,1.0336906584992342,0.06461423060386517,0.46763552049700374,8.000000000000004e-07,0.8831355319725925,0.8039816232771821
High_C5_P1_05_rep2,C5,High,317.617,4.5058162256810075,24.108422347149173,0.08237460513994335,0.939998912960319,0.6941875060910745,4.729096598100989,3.937617576818216e-05,0.0001943616647373265,0.000347058638176647,7.275671598910429e-09,1470.5882352941178,4.08e-06,0.5225192508510523,1.0336906584992342,0.06342686089693546,0.47498281569575757,5.7e-06,0.8800423031691955,0.8039816232771821
High_C5_P1_09_rep2,C5,High,317.617,4.496965205745895,22.31034541627283,0.060130733029811874,0.9079120221470182,0.6944389920895182,12.09111249833277,3.355550996354909e-05,0.00018869451015722443,0.00035682491659719826,5.575797575497182e-09,1315.7894736842104,4.56e-06,0.4944128478667027,0.9571209800918835,0.04794386207811337,0.423249931852424,8.999999999999999e-07,0.9311172787866892,1.14854517611026
High_C5_P1_10_rep2,C5,High,317.617,4.4694827456072375,22.800551645104775,0.05718618999635648,0.9471868867092295,0.6896521803251836,18.38097597259054,3.508550303747985e-05,0.00023909278290775495,0.0003797403143459855,5.163056529085094e-09,1310.0436681222707,4.58e-06,0.503078418309967,0.49770290964777947,0.050220684574441316,0.4645781988360794,8.600000000000002e-07,0.9242083366641223,0.9571209800918835
High_C5_P3_10,C5,High,317.617,4.505377517778196,22.238800848813668,0.057922128067637496,0.9457560071686203,0.6907726452343361,15.728515245272838,3.3566736235530566e-05,0.00022014449034061688,0.00036909704177047324,4.739116979499167e-09,1310.0436681222707,4.58e-06,0.4992032074471536,0.9571209800918835,0.04983909874720793,0.4889881294074264,8.600000000000002e-07,0.922857016409891,0.6891271056661561
High_C5_P4_10,C5,High,317.617,4.4440399177328915,25.735073500271085,0.08085816117040297,0.950089322240062,0.7099356060835184,8.700204332918696,4.685259165681938e-05,0.00025624041571624005,0.0004828309107606476,5.705263165977852e-09,1477.8325123152708,4.06e-06,0.5285843286753397,0.57427258805513,0.05840453429217755,0.3268741289171995,8.200000000000002e-07,0.8824625395324004,0.8422664624808575
High_C5_P4_01,C5,High,317.617,4.467759840644714,25.920900618348128,0.07723302383190103,0.918742303794251,0.7050930256442143,10.335223284906863,4.401014587688307e-05,0.0002660410220440176,0.00047401916659491446,5.74296247096601e-09,1485.148514851485,4.04e-06,0.5246872977696652,0.8422664624808575,0.057431476890135516,0.37696534311506624,8.000000000000004e-07,0.875927955379863,0.57427258805513
High_C5_P4_05,C5,High,317.617,4.415132222459675,25.540930104015217,0.07907790804768404,0.914186313223783,0.7091741703794058,11.630959288586418,4.658286867008784e-05,0.00028764085224195634,0.000515777489827633,6.281909511448392e-09,1477.8325123152708,4.06e-06,0.5224091194363901,0.8422664624808575,0.05708585649315963,0.31683501686595195,7.800000000000002e-07,0.8729226124625753,0.57427258805513
High_C5_P5_01,C5,High,317.617,4.572417622648961,22.711044325169784,0.08705952734306388,0.976568203872695,0.7188404131974415,3.5588824293229058,4.5269496447234094e-05,0.00020254566307849315,0.0003556491071064399,3.8266272972509285e-09,1435.4066985645934,4.18e-06,0.5261017082812091,0.15313935681470137,0.055112169177507206,0.46068520374926086,7.1200000000000004e-06,0.8912533639642216,0.5359877488514548
High_C5_P5_05,C5,High,317.617,4.530701815382232,21.06999474682368,0.08490393013612109,0.9700305037060374,0.713164350691064,3.108191080011543,4.019000000094216e-05,0.00017135822567499018,0.00030510491087814846,6.0049205426446704e-09,1428.5714285714287,4.2e-06,0.5252206782489087,0.5359877488514548,0.05165703355417269,0.46976289758281076,7.28e-06,0.8952751238996121,0.1914241960183767
High_C5_P5_10,C5,High,317.617,4.474375484095215,19.76701006978082,0.08619686885124386,0.9652178892272187,0.7076782614296676,3.6546638691935875,4.124443977774564e-05,0.00019002887515975927,0.0003240414836613209,3.12282773445557e-09,1428.5714285714287,4.2e-06,0.5239123279779978,0.5359877488514548,0.05614766288463019,0.4765989823339269,7.199999999999999e-06,0.9004675850275136,0.22970903522205205
High_C9_P1_05,C9,High,319.186,5.494790429467319,20.068555963941755,0.07823778841888088,0.9942645556730978,0.676519776826492,0.5039900103841823,6.29665012235882e-05,0.0001858619629975224,0.0003295863923765328,1.593958111708114e-08,847.457627118644,7.08e-06,0.4880400332768512,0.3828483920367534,0.054138428251342345,0.5629657643537274,1.65e-05,0.8933277583584509,0.1914241960183767
High_C9_P1_10,C9,High,319.186,5.502523360324341,19.566733064338926,0.0759735725935086,0.9796126112444887,0.6790775403420407,0.4857500237786496,5.944062460397985e-05,0.00019194732246431104,0.0003173616447707089,7.779170946970215e-09,847.457627118644,7.08e-06,0.48935643779922533,0.3828483920367534,0.055012995254134694,0.5644866474291456,1.622e-05,0.8907172893923972,0.22970903522205205
High_C9_P2_05,C9,High,319.186,5.351015238960078,18.66974187998912,0.07702804664703931,0.9976265009689359,0.6893024142917021,0.8258349866218753,4.9479692033706136e-05,0.00016306757546951048,0.00028078223693507164,1.501639314081339e-08,877.1929824561404,6.84e-06,0.49494761405340715,0.42113323124042873,0.046142113069281565,0.5988215077026448,1.5620000000000003e-05,0.8985584419759155,0.22970903522205205
High_C9_P2_10,C9,High,319.186,5.361236617842698,19.03744816856938,0.07604492232866163,0.9881945858982224,0.690335729740917,1.3150058540477456,4.989919906741897e-05,0.0001838296249920124,0.0003062547975324863,8.126407434634191e-09,898.2035928143712,6.68e-06,0.49453359099051836,0.3828483920367534,0.0469376869326282,0.5669668776105281,1.5720000000000002e-05,0.8870780750116939,0.22970903522205205
High_C9_P3_05,C9,High,319.186,5.427743570163155,16.72095483110987,0.07540249302594824,0.9904669978174545,0.682252310817036,0.7053442604191105,4.841593575581375e-05,0.00015802850296665373,0.0002864331794659793,9.153928913630566e-09,895.5223880597015,6.7e-06,0.49915652153314705,0.3828483920367534,0.0468848606722863,0.5724365299347594,9.74e-06,0.8998031609098388,1.684532924961715
High_C9_P3_10,C9,High,319.186,5.392078319482908,18.96684076028167,0.07486969344810898,0.9920817584105255,0.6856145694579485,0.9703749221548974,4.633475285228197e-05,0.00015372050167452317,0.0002634949868171691,9.117096267150197e-09,887.5739644970415,6.76e-06,0.5029746026282501,0.3828483920367534,0.049017484651737754,0.5420268845803197,1.028e-05,0.8994438405000008,0.5359877488514548
High_C9_P4_05,C9,High,319.186,5.461109404755594,20.69844180772675,0.07569128401323984,0.9873713089509648,0.6880461897155915,2.7339452517990948,5.216391562810162e-05,0.00021372460938084162,0.00034360723703758884,7.840689418489818e-09,955.4140127388536,6.28e-06,0.49282459832427716,0.42113323124042873,0.0517042805484851,0.5542006021081691,1.6599999999999994e-06,0.9075525050225622,0.57427258805513
High_C9_P4_10,C9,High,319.186,5.381953983196791,22.03551292298259,0.0753549739963252,0.9903766883307208,0.6816371008916413,1.4979422699509097,5.0876495255238376e-05,0.00017697460737444457,0.0003453342367355924,8.889651250976342e-09,964.6302250803859,6.22e-06,0.49461704323054745,0.42113323124042873,0.048189085333835,0.5602635677501685,8.22e-06,0.9075022568557221,0.57427258805513
High_C9_P5_05,C9,High,319.186,5.545519933623316,21.621586725969873,0.07798422041747156,0.9876677412236503,0.6915322022567163,4.4601120128099145,5.563896434897588e-05,0.00022768127143813502,0.00043284954323631885,7.747741162280999e-09,810.8108108108108,7.4e-06,0.49930466659884276,0.30627871362940273,0.04784687757005256,0.5291172825259105,6.659999999999999e-06,0.8925575040635255,0.57427258805513
High_C9_P5_10,C9,High,319.186,5.455978427886365,20.23185913021265,0.07993097754275398,0.9877263957374002,0.6913007829811268,4.234979611059108,6.067212705334181e-05,0.0002487295789784056,0.00046237548815495093,1.2753328429115441e-08,808.6253369272238,7.42e-06,0.4987210335262995,0.30627871362940273,0.04623329532069154,0.5691845589826555,6.619999999999999e-06,0.8914811311160354,0.57427258805513
High_C10_P1_05,C10,High,334.592,5.396059187337589,18.00569208149199,0.07719674063943109,0.9934641904083209,0.6891861420799631,1.8321029257194938,4.905229664909327e-05,0.00019092764837055042,0.0003156105775602234,1.0433618936843659e-08,761.4213197969542,7.88e-06,0.5004939139605366,0.57427258805513,0.05055853528256006,0.5767098693539174,1.9200000000000003e-06,0.8950201139328302,0.22970903522205205
High_C10_P1_10,C10,High,334.592,5.417500110556175,17.76890800105812,0.07392423400573754,0.9977598136046821,0.6893072501638692,2.4339326759661457,4.688041857295614e-05,0.0001848055818476131,0.0003137691432218118,1.0070507324858814e-08,738.9162561576354,8.12e-06,0.49990643541075397,0.57427258805513,0.04942232658621708,0.5696594215350895,8.079999999999999e-06,0.8974411057460331,0.34456355283307805
High_C10_P2_05,C10,High,334.592,5.53909135674156,18.29307545357059,0.07910052725668505,0.9855321481790074,0.682446001489512,3.4626386438463763,4.4389396639456466e-05,0.00016678555170184463,0.0003108726950530678,7.524429800246132e-09,781.2500000000001,7.68e-06,0.49723929269406825,0.34456355283307805,0.05483909869268474,0.5695950694808842,8e-06,0.8914819464689657,0.57427258805513
High_C10_P2_10,C10,High,334.592,5.542864630025642,18.540465855438406,0.07422304555636272,0.9984371383967967,0.6821360532555225,2.070205369155042,4.451082215139358e-05,0.0001563928259030427,0.00030989493491597023,1.1016290986018898e-08,773.1958762886597,7.76e-06,0.5046898682233919,0.34456355283307805,0.054246263196644634,0.5815102161890413,7.94e-06,0.8962793460901557,0.57427258805513
High_C10_P3_05,C10,High,334.592,5.4576733558868815,16.222066780393533,0.0732921701287459,0.9590814407535427,0.6860416483265644,-0.0839736094634933,3.895982157843847e-05,0.00011593040298700104,0.00020838624164162494,1.2494034934005126e-08,761.4213197969542,7.88e-06,0.4911870840786348,0.34456355283307805,0.05540941740553938,0.5981624500953605,1.876e-05,0.9161335499220621,1.6462480857580397
High_C10_P3_10,C10,High,334.592,5.504083860075028,16.54347427951281,0.07535068051356428,0.9873889087144356,0.6819368587871246,0.9630046971244353,3.970675895956289e-05,0.00013699471646990381,0.00023723247315771107,7.668426641263473e-09,759.493670886076,7.9e-06,0.48923461194442397,0.34456355283307805,0.05135487611525665,0.539257716612303,1.0559999999999999e-05,0.9056062135647874,1.6079632465543643
High_C10_P4_05,C10,High,334.592,5.413639445196098,20.63496410679673,0.07801134652086535,0.9902727563140514,0.6922386381122357,2.3868637672522777,5.387273898100988e-05,0.0001980966021807929,0.00036021585643548784,1.0593804879970233e-08,656.4551422319474,9.14e-06,0.49771694365797464,0.4594180704441041,0.04846842131587637,0.5773602467788691,1.942e-05,0.8887224112149887,0.22970903522205205
High_C10_P4_10,C10,High,334.592,5.494554652327602,18.93972571705838,0.07778673692438387,0.9839975433520908,0.6843196751944657,1.9104012621206907,5.1458515651452264e-05,0.00018079041959288695,0.0003451020112641461,8.09978654816146e-09,744.4168734491315,8.06e-06,0.4982640681487779,0.4594180704441041,0.049178356131962093,0.5742691573857539,1.9540000000000003e-05,0.8893223899988651,0.22970903522205205
High_C10_P5_05,C10,High,334.592,5.404293915611074,19.78679589055578,0.07521336411937682,0.9667452025662936,0.669048350201282,3.3634892899279665,5.252736346965694e-05,0.00022115078242914825,0.0003830977296455683,6.886322640814196e-09,793.6507936507937,7.56e-06,0.4947218858816058,0.34456355283307805,0.055332519445869095,0.5762502749227502,1.8999999999999996e-06,0.9120136118617709,0.49770290964777947
High_C10_P5_10,C10,High,334.592,5.417235049025732,20.17764021920398,0.07305131908164184,0.9915716467279496,0.6761283138398526,3.059904256396613,4.890467080912639e-05,0.00019605873225923771,0.0003656096496030383,1.5266706263971498e-08,802.1390374331551,7.48e-06,0.4942110329170801,0.34456355283307805,0.05819874795039842,0.565595217423533,7.719999999999999e-06,0.9056850129099527,1.6079632465543643
High_C10_P6_05,C10,High,334.592,5.499288144313755,19.89449161252014,0.07464405176411477,0.9931451079650812,0.6758265472081082,4.041389613809029,4.5164803856158324e-05,0.0001737687462869402,0.0003411703254114949,8.287268130936903e-09,689.6551724137931,8.7e-06,0.49888869167123157,0.34456355283307805,0.05580141104009671,0.5604450971651883,8e-06,0.8943638892650791,0.57427258805513
High_C10_P6_10,C10,High,334.592,5.5272997121989125,17.25492855319491,0.07330380384663886,0.9974252373761612,0.6790496834063473,3.9498803786081487,4.697889662511758e-05,0.0001824972216132026,0.0003438834638898261,8.28386870211809e-09,678.7330316742082,8.84e-06,0.5000329700015899,0.34456355283307805,0.05478155749433709,0.5868418593535815,8.079999999999999e-06,0.9004384481872739,0.49770290964777947
High_C12_P1_05,C12,High,332.468,5.5479003038035195,17.657106438866112,0.07683499494089023,0.9986939374504981,0.6828332803742354,0.5111525296553237,4.6125041504431846e-05,0.00013583233228707043,0.00025128703370104374,1.0290416803199457e-08,678.7330316742082,8.84e-06,0.4944755721361593,0.34456355283307805,0.05415473661204529,0.5900056621333077,1.9880000000000003e-05,0.8978026081563253,0.1914241960183767
High_C12_P1_10,C12,High,332.468,5.572001910487836,17.05279384750033,0.0773612448174051,0.9912411633897972,0.6872901865794803,0.9569217001523032,4.6853197847985154e-05,0.00016405074986018702,0.0002963648063188085,1.4033344067510479e-08,666.6666666666666,9e-06,0.49255097943884485,0.34456355283307805,0.05416680101525152,0.5495122516304306,1.9640000000000002e-05,0.8888370337023379,0.1914241960183767
High_C12_P2_05,C12,High,332.468,5.512909131696477,22.33902797978665,0.07564720672024743,0.9933129249727837,0.6889044045831895,1.9731227716140127,5.874074147430229e-05,0.00021803193127534873,0.00041239705960290877,1.3437983183985076e-08,791.5567282321899,7.58e-06,0.4982826014965665,0.3828483920367534,0.041168558518553666,0.5754678331037729,6.799999999999999e-06,0.9027123574479256,0.5359877488514548
High_C12_P2_10,C12,High,332.468,5.472263256529668,21.704025008205015,0.07651411356806932,0.9956002349649344,0.6887645835406369,2.238026803790194,6.124359670407718e-05,0.00021884573754669826,0.0004276918510679363,1.5959703859112388e-08,909.090909090909,6.6e-06,0.4975949566462392,0.3828483920367534,0.03964796726077199,0.5632991271573924,1.83e-05,0.8944131621464585,0.22970903522205205
High_C12_P3_05,C12,High,332.468,5.405791836131152,18.72483745714905,0.07390797893296482,0.9869423478404813,0.6745117821974346,2.004842962472712,4.158703107342006e-05,0.00014188169534109168,0.00027055204408278806,8.019387027283164e-09,874.6355685131196,6.86e-06,0.49122180807407445,0.3828483920367534,0.05105853141918351,0.5645599740881447,1.588e-05,0.9105755976175062,1.6079632465543643
High_C12_P3_10,C12,High,332.468,5.400786502379587,17.430342211092377,0.07549872116300081,0.9965317990064761,0.6715041143171325,1.7119858193992208,4.305947626365932e-05,0.00015198286945906458,0.00027916605903549694,9.017356044897592e-09,847.457627118644,7.08e-06,0.48857479454500496,0.3828483920367534,0.050086298822032645,0.5766635297798938,1.342e-05,0.9062308855491215,0.1914241960183767
High_C12_P4_05,C12,High,332.468,5.330688974705658,19.602123180734253,0.07690920064605104,0.9827874813734622,0.6644865016334696,2.6495505533830945,4.8181079123045814e-05,0.0001770024771508203,0.000347319632130524,6.168906891130998e-09,740.7407407407408,8.1e-06,0.4940592508593038,1.569678407350689,0.05661462614572014,0.5593922936938549,7.339999999999999e-06,0.9121887414203433,0.3828483920367534
High_C12_P4_10,C12,High,332.468,5.38318109933511,19.42286776267678,0.07719827439678774,0.9506886765289583,0.6609801585928371,1.3021770869694116,5.0405829394028394e-05,0.0001667425447372789,0.0003314596460926198,8.632865380321051e-09,835.6545961002786,7.18e-06,0.49269932685003853,1.569678407350689,0.053429361363919424,0.5794985957933777,1.35e-05,0.9246054220240745,1.7611026033690658
High_C12_P5_05,C12,High,332.468,5.403420858265904,17.677277479909836,0.07578095922830265,0.9862730174575983,0.68026196682554,1.218288624771927,4.096925274006397e-05,0.00014536280059660104,0.00025905422799509946,1.0335325246952284e-08,712.5890736342043,8.42e-06,0.5000841217602958,0.2679938744257274,0.05762347587098975,0.5936500067984902,7.64e-06,0.8985055961458279,0.49770290964777947
High_C12_P5_10,C12,High,332.468,5.46686503504991,18.858067594641764,0.07737903886317193,0.9917484227420167,0.6762529296401021,0.7026823327283851,3.7574013141455165e-05,0.00012784785143033425,0.00024526111085316354,1.3247854300962701e-08,704.2253521126761,8.52e-06,0.5005694428731631,1.6462480857580397,0.05912653554271377,0.5790396473172985,1.94e-05,0.9047765357398084,0.2679938744257274
